rikisfang,ar,n
Ísland,1998,140503
Danmörk,1998,584
Finnland,1998,67
Noregur,1998,207
Svíþjóð,1998,196
Austurríki,1998,24
Belgía,1998,20
Búlgaría,1998,22
Kýpur,1998,0
Tékkland,1998,14
Þýskaland,1998,218
Eistland,1998,10
Spánn,1998,62
Frakkland,1998,89
Bretland,1998,259
Grikkland,1998,5
Ungverjaland,1998,24
Írland,1998,27
Ítalía,1998,25
Litháen (Lietuva),1998,16
Lúxemborg,1998,0
Lettland,1998,3
Malta,1998,1
Holland (Niðurland),1998,82
Pólland,1998,643
Portúgal,1998,57
Rúmenía,1998,9
Slóvenía,1998,7
Slóvakía,1998,8
Andorra,1998,0
Albanía,1998,3
Bosnia og Herzegovina,1998,14
Hvíta-Rússland,1998,2
Sviss,1998,24
Serbía og Svartfjallaland,1998,0
Króatía,1998,28
Liechtenstein,1998,0
Moldóva,1998,0
Montenegró (Svartfjallaland),1998,0
Norður Makedónía,1998,3
Serbía,1998,0
Rússland,1998,62
San Marínó,1998,0
Fyrrum Sovétríki,1998,9
Úkraína,1998,11
Kósovó,1998,0
Evrópa ótilgreint,1998,1
"Ríki í fyrrum Júgóslavíu, ótilgreint",1998,0
Júgóslavía (Serbía og Svartfjallaland),1998,94
Kanada,1998,49
Bandaríkin,1998,373
Antigua og Barbuda,1998,0
Argentína,1998,1
Barbados,1998,0
Bólivía,1998,5
Brasilía,1998,9
Bahamaeyjar,1998,0
Belize,1998,0
Chile,1998,11
Colombia,1998,12
Costa Rica,1998,4
Kúba,1998,2
Dóminíka,1998,0
Dóminíska lýðveldið,1998,2
Ekvador,1998,4
Grenada,1998,0
Guatemala,1998,3
Guyana,1998,2
Hondúras,1998,7
Haítí,1998,0
Jamaíka,1998,3
Sankti Kitts og Nevis,1998,0
Mexíkó,1998,15
Nicaragua,1998,0
Panama,1998,0
Perú,1998,12
Puerto Rico,1998,0
Paraguay,1998,0
Súrinam,1998,0
El Salvador,1998,0
Trínidad og Tóbagó,1998,2
Uruguay,1998,3
Sankti Vinsent og Grenadínur,1998,0
Venesúela,1998,2
Angóla,1998,2
Búrkína Fasó,1998,0
Benín,1998,0
Botswana,1998,0
"Kongó, Lýðstjórnarlýðveldið",1998,0
"Kongó, Lýðveldið",1998,0
Côte d'Ivoire (Fílabeinsströndin),1998,0
Kamerún,1998,0
Cabo Verde (Grænhöfðaeyjar),1998,9
Djibútí,1998,0
Alsír,1998,10
Egyptaland,1998,5
Vestur-Sahara,1998,0
Eritrea,1998,0
Eþíópía,1998,1
Gabon,1998,0
Ghana,1998,6
Gambía,1998,2
Gínea,1998,0
Miðbaugs-Gínea,1998,0
Gínea-Bissaú,1998,1
Kenya,1998,2
Sankti Lúsía,1998,0
Líbería,1998,0
Lesótó,1998,0
Líbía,1998,0
Marokkó,1998,28
Madagaskar,1998,1
Malí,1998,0
Máritanía,1998,0
Máritíus,1998,1
Malaví,1998,0
Mósambík,1998,0
Namibía,1998,2
Níger,1998,0
Nígería,1998,5
Rwanda,1998,0
Seychelles-eyjar,1998,0
Súdan,1998,0
Síerra Leóne,1998,3
Senegal,1998,0
Sómalía,1998,1
Suður-Súdan,1998,0
Chad,1998,0
Tógó,1998,0
Túnis,1998,3
Tansanía,1998,0
Úganda,1998,1
Suður-Afríka,1998,25
Zambia,1998,2
Saír,1998,1
Zimbabwe,1998,1
Afganistan,1998,0
Armenía,1998,0
Azerbaijan,1998,0
Bangladesh,1998,0
Kína,1998,57
Georgía,1998,2
Indónesía,1998,6
Ísrael,1998,5
Indland,1998,12
Írak,1998,4
Íran,1998,6
Jórdanía,1998,2
Japan,1998,17
Kyrgyzstan,1998,1
Kambódía,1998,0
"Kórea, Norður-",1998,0
"Kórea, Suður-",1998,2
Kasakstan,1998,1
Laos,1998,0
Líbanon,1998,2
Srí Lanka,1998,12
Myanmar,1998,0
Mongólía,1998,2
Maldívur,1998,0
Malasía,1998,4
Nepal,1998,2
Óman,1998,0
Filippseyjar,1998,187
Pakistan,1998,4
Palestína,1998,0
Sádi-Arabía,1998,0
Singapore,1998,4
Sýrland,1998,5
Thailand,1998,213
Tadsíkistan,1998,0
Tímor-Leste,1998,0
Túrkmenistan,1998,0
Tyrkland,1998,4
Taiwan,1998,2
Úsbekistan,1998,0
Víetnam,1998,31
Jemen,1998,0
Ástralía,1998,20
Fiji,1998,0
Naúrú,1998,0
Nýja-Sjáland,1998,24
Papúa Nýja-Gínea,1998,0
Salómonseyjar,1998,0
Tonga,1998,0
Vanúatú,1998,0
"Útlönd, ótilgreint land",1998,0
Ríkisfangslaus,1998,2
Ísland,1999,142317
Danmörk,1999,606
Finnland,1999,82
Noregur,1999,218
Svíþjóð,1999,226
Austurríki,1999,27
Belgía,1999,23
Búlgaría,1999,27
Kýpur,1999,0
Tékkland,1999,18
Þýskaland,1999,236
Eistland,1999,16
Spánn,1999,73
Frakkland,1999,97
Bretland,1999,280
Grikkland,1999,7
Ungverjaland,1999,28
Írland,1999,36
Ítalía,1999,35
Litháen (Lietuva),1999,32
Lúxemborg,1999,1
Lettland,1999,9
Malta,1999,1
Holland (Niðurland),1999,85
Pólland,1999,921
Portúgal,1999,64
Rúmenía,1999,13
Slóvenía,1999,6
Slóvakía,1999,9
Andorra,1999,0
Albanía,1999,5
Bosnia og Herzegovina,1999,22
Hvíta-Rússland,1999,2
Sviss,1999,24
Serbía og Svartfjallaland,1999,0
Króatía,1999,37
Liechtenstein,1999,0
Moldóva,1999,0
Montenegró (Svartfjallaland),1999,0
Norður Makedónía,1999,4
Serbía,1999,0
Rússland,1999,78
San Marínó,1999,0
Fyrrum Sovétríki,1999,3
Úkraína,1999,20
Kósovó,1999,0
Evrópa ótilgreint,1999,0
"Ríki í fyrrum Júgóslavíu, ótilgreint",1999,0
Júgóslavía (Serbía og Svartfjallaland),1999,162
Kanada,1999,58
Bandaríkin,1999,406
Antigua og Barbuda,1999,0
Argentína,1999,1
Barbados,1999,1
Bólivía,1999,4
Brasilía,1999,8
Bahamaeyjar,1999,0
Belize,1999,0
Chile,1999,11
Colombia,1999,13
Costa Rica,1999,3
Kúba,1999,6
Dóminíka,1999,0
Dóminíska lýðveldið,1999,3
Ekvador,1999,3
Grenada,1999,0
Guatemala,1999,3
Guyana,1999,7
Hondúras,1999,12
Haítí,1999,0
Jamaíka,1999,2
Sankti Kitts og Nevis,1999,0
Mexíkó,1999,17
Nicaragua,1999,0
Panama,1999,1
Perú,1999,17
Puerto Rico,1999,1
Paraguay,1999,1
Súrinam,1999,0
El Salvador,1999,0
Trínidad og Tóbagó,1999,1
Uruguay,1999,2
Sankti Vinsent og Grenadínur,1999,0
Venesúela,1999,5
Angóla,1999,3
Búrkína Fasó,1999,0
Benín,1999,0
Botswana,1999,0
"Kongó, Lýðstjórnarlýðveldið",1999,0
"Kongó, Lýðveldið",1999,0
Côte d'Ivoire (Fílabeinsströndin),1999,0
Kamerún,1999,0
Cabo Verde (Grænhöfðaeyjar),1999,11
Djibútí,1999,0
Alsír,1999,10
Egyptaland,1999,6
Vestur-Sahara,1999,0
Eritrea,1999,0
Eþíópía,1999,3
Gabon,1999,0
Ghana,1999,7
Gambía,1999,2
Gínea,1999,0
Miðbaugs-Gínea,1999,0
Gínea-Bissaú,1999,1
Kenya,1999,3
Sankti Lúsía,1999,0
Líbería,1999,0
Lesótó,1999,0
Líbía,1999,0
Marokkó,1999,31
Madagaskar,1999,1
Malí,1999,0
Máritanía,1999,0
Máritíus,1999,1
Malaví,1999,0
Mósambík,1999,0
Namibía,1999,3
Níger,1999,0
Nígería,1999,11
Rwanda,1999,1
Seychelles-eyjar,1999,0
Súdan,1999,0
Síerra Leóne,1999,3
Senegal,1999,2
Sómalía,1999,1
Suður-Súdan,1999,0
Chad,1999,0
Tógó,1999,0
Túnis,1999,4
Tansanía,1999,0
Úganda,1999,1
Suður-Afríka,1999,23
Zambia,1999,2
Saír,1999,1
Zimbabwe,1999,1
Afganistan,1999,0
Armenía,1999,2
Azerbaijan,1999,0
Bangladesh,1999,0
Kína,1999,74
Georgía,1999,3
Indónesía,1999,4
Ísrael,1999,5
Indland,1999,13
Írak,1999,5
Íran,1999,6
Jórdanía,1999,3
Japan,1999,19
Kyrgyzstan,1999,1
Kambódía,1999,0
"Kórea, Norður-",1999,0
"Kórea, Suður-",1999,4
Kasakstan,1999,2
Laos,1999,0
Líbanon,1999,4
Srí Lanka,1999,17
Myanmar,1999,0
Mongólía,1999,15
Maldívur,1999,0
Malasía,1999,5
Nepal,1999,3
Óman,1999,0
Filippseyjar,1999,219
Pakistan,1999,7
Palestína,1999,0
Sádi-Arabía,1999,0
Singapore,1999,5
Sýrland,1999,5
Thailand,1999,257
Tadsíkistan,1999,0
Tímor-Leste,1999,0
Túrkmenistan,1999,0
Tyrkland,1999,4
Taiwan,1999,1
Úsbekistan,1999,0
Víetnam,1999,44
Jemen,1999,0
Ástralía,1999,23
Fiji,1999,0
Naúrú,1999,0
Nýja-Sjáland,1999,23
Papúa Nýja-Gínea,1999,0
Salómonseyjar,1999,0
Tonga,1999,0
Vanúatú,1999,0
"Útlönd, ótilgreint land",1999,0
Ríkisfangslaus,1999,2
Ísland,2000,144634
Danmörk,2000,609
Finnland,2000,75
Noregur,2000,217
Svíþjóð,2000,237
Austurríki,2000,28
Belgía,2000,24
Búlgaría,2000,32
Kýpur,2000,0
Tékkland,2000,37
Þýskaland,2000,263
Eistland,2000,18
Spánn,2000,78
Frakkland,2000,110
Bretland,2000,283
Grikkland,2000,4
Ungverjaland,2000,32
Írland,2000,35
Ítalía,2000,42
Litháen (Lietuva),2000,58
Lúxemborg,2000,1
Lettland,2000,12
Malta,2000,1
Holland (Niðurland),2000,87
Pólland,2000,1027
Portúgal,2000,67
Rúmenía,2000,21
Slóvenía,2000,11
Slóvakía,2000,15
Andorra,2000,0
Albanía,2000,7
Bosnia og Herzegovina,2000,27
Hvíta-Rússland,2000,9
Sviss,2000,21
Serbía og Svartfjallaland,2000,0
Króatía,2000,46
Liechtenstein,2000,0
Moldóva,2000,1
Montenegró (Svartfjallaland),2000,0
Norður Makedónía,2000,7
Serbía,2000,0
Rússland,2000,92
San Marínó,2000,0
Fyrrum Sovétríki,2000,1
Úkraína,2000,34
Kósovó,2000,0
Evrópa ótilgreint,2000,0
"Ríki í fyrrum Júgóslavíu, ótilgreint",2000,0
Júgóslavía (Serbía og Svartfjallaland),2000,214
Kanada,2000,61
Bandaríkin,2000,402
Antigua og Barbuda,2000,0
Argentína,2000,5
Barbados,2000,1
Bólivía,2000,5
Brasilía,2000,16
Bahamaeyjar,2000,0
Belize,2000,0
Chile,2000,20
Colombia,2000,19
Costa Rica,2000,5
Kúba,2000,8
Dóminíka,2000,0
Dóminíska lýðveldið,2000,3
Ekvador,2000,4
Grenada,2000,0
Guatemala,2000,3
Guyana,2000,7
Hondúras,2000,11
Haítí,2000,0
Jamaíka,2000,4
Sankti Kitts og Nevis,2000,0
Mexíkó,2000,14
Nicaragua,2000,0
Panama,2000,1
Perú,2000,22
Puerto Rico,2000,1
Paraguay,2000,0
Súrinam,2000,0
El Salvador,2000,1
Trínidad og Tóbagó,2000,2
Uruguay,2000,2
Sankti Vinsent og Grenadínur,2000,0
Venesúela,2000,5
Angóla,2000,4
Búrkína Fasó,2000,0
Benín,2000,0
Botswana,2000,0
"Kongó, Lýðstjórnarlýðveldið",2000,1
"Kongó, Lýðveldið",2000,1
Côte d'Ivoire (Fílabeinsströndin),2000,0
Kamerún,2000,0
Cabo Verde (Grænhöfðaeyjar),2000,10
Djibútí,2000,0
Alsír,2000,11
Egyptaland,2000,5
Vestur-Sahara,2000,0
Eritrea,2000,0
Eþíópía,2000,6
Gabon,2000,0
Ghana,2000,8
Gambía,2000,2
Gínea,2000,4
Miðbaugs-Gínea,2000,0
Gínea-Bissaú,2000,1
Kenya,2000,6
Sankti Lúsía,2000,0
Líbería,2000,0
Lesótó,2000,0
Líbía,2000,0
Marokkó,2000,32
Madagaskar,2000,1
Malí,2000,0
Máritanía,2000,0
Máritíus,2000,2
Malaví,2000,0
Mósambík,2000,0
Namibía,2000,5
Níger,2000,0
Nígería,2000,13
Rwanda,2000,1
Seychelles-eyjar,2000,0
Súdan,2000,0
Síerra Leóne,2000,4
Senegal,2000,3
Sómalía,2000,1
Suður-Súdan,2000,0
Chad,2000,0
Tógó,2000,0
Túnis,2000,4
Tansanía,2000,1
Úganda,2000,1
Suður-Afríka,2000,28
Zambia,2000,2
Saír,2000,0
Zimbabwe,2000,1
Afganistan,2000,0
Armenía,2000,2
Azerbaijan,2000,0
Bangladesh,2000,0
Kína,2000,86
Georgía,2000,4
Indónesía,2000,5
Ísrael,2000,3
Indland,2000,17
Írak,2000,7
Íran,2000,8
Jórdanía,2000,8
Japan,2000,23
Kyrgyzstan,2000,0
Kambódía,2000,0
"Kórea, Norður-",2000,0
"Kórea, Suður-",2000,6
Kasakstan,2000,2
Laos,2000,0
Líbanon,2000,2
Srí Lanka,2000,17
Myanmar,2000,0
Mongólía,2000,19
Maldívur,2000,0
Malasía,2000,7
Nepal,2000,10
Óman,2000,0
Filippseyjar,2000,281
Pakistan,2000,7
Palestína,2000,0
Sádi-Arabía,2000,0
Singapore,2000,5
Sýrland,2000,3
Thailand,2000,298
Tadsíkistan,2000,0
Tímor-Leste,2000,0
Túrkmenistan,2000,0
Tyrkland,2000,10
Taiwan,2000,2
Úsbekistan,2000,0
Víetnam,2000,58
Jemen,2000,0
Ástralía,2000,27
Fiji,2000,0
Naúrú,2000,0
Nýja-Sjáland,2000,21
Papúa Nýja-Gínea,2000,0
Salómonseyjar,2000,0
Tonga,2000,0
Vanúatú,2000,0
"Útlönd, ótilgreint land",2000,1
Ríkisfangslaus,2000,3
Ísland,2001,146908
Danmörk,2001,622
Finnland,2001,67
Noregur,2001,226
Svíþjóð,2001,238
Austurríki,2001,31
Belgía,2001,42
Búlgaría,2001,43
Kýpur,2001,0
Tékkland,2001,29
Þýskaland,2001,365
Eistland,2001,36
Spánn,2001,89
Frakkland,2001,130
Bretland,2001,330
Grikkland,2001,4
Ungverjaland,2001,31
Írland,2001,36
Ítalía,2001,67
Litháen (Lietuva),2001,168
Lúxemborg,2001,2
Lettland,2001,41
Malta,2001,1
Holland (Niðurland),2001,98
Pólland,2001,1271
Portúgal,2001,93
Rúmenía,2001,40
Slóvenía,2001,10
Slóvakía,2001,24
Andorra,2001,0
Albanía,2001,13
Bosnia og Herzegovina,2001,43
Hvíta-Rússland,2001,15
Sviss,2001,20
Serbía og Svartfjallaland,2001,0
Króatía,2001,61
Liechtenstein,2001,0
Moldóva,2001,4
Montenegró (Svartfjallaland),2001,0
Norður Makedónía,2001,12
Serbía,2001,0
Rússland,2001,124
San Marínó,2001,0
Fyrrum Sovétríki,2001,1
Úkraína,2001,54
Kósovó,2001,0
Evrópa ótilgreint,2001,0
"Ríki í fyrrum Júgóslavíu, ótilgreint",2001,0
Júgóslavía (Serbía og Svartfjallaland),2001,288
Kanada,2001,71
Bandaríkin,2001,428
Antigua og Barbuda,2001,0
Argentína,2001,8
Barbados,2001,1
Bólivía,2001,4
Brasilía,2001,19
Bahamaeyjar,2001,0
Belize,2001,1
Chile,2001,30
Colombia,2001,22
Costa Rica,2001,4
Kúba,2001,10
Dóminíka,2001,0
Dóminíska lýðveldið,2001,4
Ekvador,2001,6
Grenada,2001,0
Guatemala,2001,3
Guyana,2001,6
Hondúras,2001,12
Haítí,2001,0
Jamaíka,2001,3
Sankti Kitts og Nevis,2001,0
Mexíkó,2001,21
Nicaragua,2001,1
Panama,2001,1
Perú,2001,26
Puerto Rico,2001,1
Paraguay,2001,0
Súrinam,2001,0
El Salvador,2001,1
Trínidad og Tóbagó,2001,2
Uruguay,2001,2
Sankti Vinsent og Grenadínur,2001,0
Venesúela,2001,5
Angóla,2001,5
Búrkína Fasó,2001,0
Benín,2001,0
Botswana,2001,0
"Kongó, Lýðstjórnarlýðveldið",2001,1
"Kongó, Lýðveldið",2001,1
Côte d'Ivoire (Fílabeinsströndin),2001,0
Kamerún,2001,1
Cabo Verde (Grænhöfðaeyjar),2001,12
Djibútí,2001,0
Alsír,2001,11
Egyptaland,2001,7
Vestur-Sahara,2001,0
Eritrea,2001,0
Eþíópía,2001,14
Gabon,2001,0
Ghana,2001,15
Gambía,2001,2
Gínea,2001,6
Miðbaugs-Gínea,2001,0
Gínea-Bissaú,2001,1
Kenya,2001,9
Sankti Lúsía,2001,0
Líbería,2001,0
Lesótó,2001,0
Líbía,2001,0
Marokkó,2001,46
Madagaskar,2001,1
Malí,2001,0
Máritanía,2001,0
Máritíus,2001,3
Malaví,2001,0
Mósambík,2001,1
Namibía,2001,7
Níger,2001,0
Nígería,2001,28
Rwanda,2001,1
Seychelles-eyjar,2001,0
Súdan,2001,0
Síerra Leóne,2001,8
Senegal,2001,5
Sómalía,2001,1
Suður-Súdan,2001,0
Chad,2001,0
Tógó,2001,0
Túnis,2001,6
Tansanía,2001,2
Úganda,2001,3
Suður-Afríka,2001,27
Zambia,2001,3
Saír,2001,0
Zimbabwe,2001,1
Afganistan,2001,0
Armenía,2001,1
Azerbaijan,2001,0
Bangladesh,2001,0
Kína,2001,111
Georgía,2001,8
Indónesía,2001,9
Ísrael,2001,4
Indland,2001,30
Írak,2001,10
Íran,2001,6
Jórdanía,2001,9
Japan,2001,24
Kyrgyzstan,2001,0
Kambódía,2001,1
"Kórea, Norður-",2001,0
"Kórea, Suður-",2001,5
Kasakstan,2001,3
Laos,2001,0
Líbanon,2001,3
Srí Lanka,2001,23
Myanmar,2001,0
Mongólía,2001,9
Maldívur,2001,0
Malasía,2001,6
Nepal,2001,14
Óman,2001,0
Filippseyjar,2001,402
Pakistan,2001,8
Palestína,2001,0
Sádi-Arabía,2001,0
Singapore,2001,6
Sýrland,2001,7
Thailand,2001,351
Tadsíkistan,2001,0
Tímor-Leste,2001,0
Túrkmenistan,2001,0
Tyrkland,2001,12
Taiwan,2001,3
Úsbekistan,2001,0
Víetnam,2001,89
Jemen,2001,0
Ástralía,2001,31
Fiji,2001,0
Naúrú,2001,0
Nýja-Sjáland,2001,22
Papúa Nýja-Gínea,2001,0
Salómonseyjar,2001,0
Tonga,2001,0
Vanúatú,2001,0
"Útlönd, ótilgreint land",2001,2
Ríkisfangslaus,2001,6
Ísland,2002,148608
Danmörk,2002,629
Finnland,2002,87
Noregur,2002,224
Svíþjóð,2002,251
Austurríki,2002,40
Belgía,2002,42
Búlgaría,2002,50
Kýpur,2002,0
Tékkland,2002,31
Þýskaland,2002,457
Eistland,2002,47
Spánn,2002,102
Frakkland,2002,152
Bretland,2002,372
Grikkland,2002,9
Ungverjaland,2002,32
Írland,2002,40
Ítalía,2002,82
Litháen (Lietuva),2002,264
Lúxemborg,2002,3
Lettland,2002,58
Malta,2002,1
Holland (Niðurland),2002,107
Pólland,2002,1429
Portúgal,2002,100
Rúmenía,2002,50
Slóvenía,2002,8
Slóvakía,2002,39
Andorra,2002,0
Albanía,2002,19
Bosnia og Herzegovina,2002,50
Hvíta-Rússland,2002,14
Sviss,2002,23
Serbía og Svartfjallaland,2002,0
Króatía,2002,58
Liechtenstein,2002,0
Moldóva,2002,4
Montenegró (Svartfjallaland),2002,0
Norður Makedónía,2002,14
Serbía,2002,0
Rússland,2002,154
San Marínó,2002,0
Fyrrum Sovétríki,2002,1
Úkraína,2002,69
Kósovó,2002,0
Evrópa ótilgreint,2002,0
"Ríki í fyrrum Júgóslavíu, ótilgreint",2002,0
Júgóslavía (Serbía og Svartfjallaland),2002,344
Kanada,2002,65
Bandaríkin,2002,451
Antigua og Barbuda,2002,0
Argentína,2002,12
Barbados,2002,1
Bólivía,2002,4
Brasilía,2002,17
Bahamaeyjar,2002,0
Belize,2002,1
Chile,2002,31
Colombia,2002,22
Costa Rica,2002,4
Kúba,2002,11
Dóminíka,2002,0
Dóminíska lýðveldið,2002,7
Ekvador,2002,10
Grenada,2002,0
Guatemala,2002,3
Guyana,2002,5
Hondúras,2002,16
Haítí,2002,0
Jamaíka,2002,4
Sankti Kitts og Nevis,2002,0
Mexíkó,2002,20
Nicaragua,2002,2
Panama,2002,1
Perú,2002,29
Puerto Rico,2002,1
Paraguay,2002,2
Súrinam,2002,0
El Salvador,2002,3
Trínidad og Tóbagó,2002,2
Uruguay,2002,2
Sankti Vinsent og Grenadínur,2002,0
Venesúela,2002,5
Angóla,2002,6
Búrkína Fasó,2002,0
Benín,2002,0
Botswana,2002,0
"Kongó, Lýðstjórnarlýðveldið",2002,1
"Kongó, Lýðveldið",2002,1
Côte d'Ivoire (Fílabeinsströndin),2002,1
Kamerún,2002,1
Cabo Verde (Grænhöfðaeyjar),2002,10
Djibútí,2002,0
Alsír,2002,12
Egyptaland,2002,7
Vestur-Sahara,2002,0
Eritrea,2002,0
Eþíópía,2002,17
Gabon,2002,0
Ghana,2002,21
Gambía,2002,5
Gínea,2002,6
Miðbaugs-Gínea,2002,1
Gínea-Bissaú,2002,1
Kenya,2002,14
Sankti Lúsía,2002,0
Líbería,2002,0
Lesótó,2002,0
Líbía,2002,0
Marokkó,2002,52
Madagaskar,2002,0
Malí,2002,0
Máritanía,2002,0
Máritíus,2002,2
Malaví,2002,0
Mósambík,2002,1
Namibía,2002,12
Níger,2002,0
Nígería,2002,25
Rwanda,2002,1
Seychelles-eyjar,2002,0
Súdan,2002,0
Síerra Leóne,2002,9
Senegal,2002,6
Sómalía,2002,1
Suður-Súdan,2002,0
Chad,2002,0
Tógó,2002,0
Túnis,2002,9
Tansanía,2002,2
Úganda,2002,3
Suður-Afríka,2002,30
Zambia,2002,1
Saír,2002,0
Zimbabwe,2002,1
Afganistan,2002,3
Armenía,2002,1
Azerbaijan,2002,1
Bangladesh,2002,0
Kína,2002,110
Georgía,2002,12
Indónesía,2002,13
Ísrael,2002,4
Indland,2002,41
Írak,2002,10
Íran,2002,3
Jórdanía,2002,8
Japan,2002,26
Kyrgyzstan,2002,0
Kambódía,2002,1
"Kórea, Norður-",2002,0
"Kórea, Suður-",2002,6
Kasakstan,2002,3
Laos,2002,0
Líbanon,2002,5
Srí Lanka,2002,30
Myanmar,2002,0
Mongólía,2002,6
Maldívur,2002,0
Malasía,2002,7
Nepal,2002,19
Óman,2002,0
Filippseyjar,2002,456
Pakistan,2002,8
Palestína,2002,0
Sádi-Arabía,2002,0
Singapore,2002,6
Sýrland,2002,7
Thailand,2002,391
Tadsíkistan,2002,0
Tímor-Leste,2002,0
Túrkmenistan,2002,0
Tyrkland,2002,20
Taiwan,2002,3
Úsbekistan,2002,0
Víetnam,2002,120
Jemen,2002,0
Ástralía,2002,33
Fiji,2002,0
Naúrú,2002,0
Nýja-Sjáland,2002,20
Papúa Nýja-Gínea,2002,0
Salómonseyjar,2002,0
Tonga,2002,0
Vanúatú,2002,0
"Útlönd, ótilgreint land",2002,2
Ríkisfangslaus,2002,20
Ísland,2003,149676
Danmörk,2003,590
Finnland,2003,78
Noregur,2003,224
Svíþjóð,2003,241
Austurríki,2003,47
Belgía,2003,45
Búlgaría,2003,55
Kýpur,2003,0
Tékkland,2003,35
Þýskaland,2003,490
Eistland,2003,50
Spánn,2003,119
Frakkland,2003,146
Bretland,2003,359
Grikkland,2003,8
Ungverjaland,2003,36
Írland,2003,37
Ítalía,2003,87
Litháen (Lietuva),2003,291
Lúxemborg,2003,3
Lettland,2003,70
Malta,2003,1
Holland (Niðurland),2003,114
Pólland,2003,1504
Portúgal,2003,85
Rúmenía,2003,56
Slóvenía,2003,6
Slóvakía,2003,38
Andorra,2003,0
Albanía,2003,19
Bosnia og Herzegovina,2003,55
Hvíta-Rússland,2003,13
Sviss,2003,24
Serbía og Svartfjallaland,2003,0
Króatía,2003,52
Liechtenstein,2003,0
Moldóva,2003,6
Montenegró (Svartfjallaland),2003,0
Norður Makedónía,2003,16
Serbía,2003,0
Rússland,2003,162
San Marínó,2003,0
Fyrrum Sovétríki,2003,0
Úkraína,2003,79
Kósovó,2003,0
Evrópa ótilgreint,2003,1
"Ríki í fyrrum Júgóslavíu, ótilgreint",2003,0
Júgóslavía (Serbía og Svartfjallaland),2003,368
Kanada,2003,62
Bandaríkin,2003,427
Antigua og Barbuda,2003,0
Argentína,2003,7
Barbados,2003,1
Bólivía,2003,3
Brasilía,2003,19
Bahamaeyjar,2003,0
Belize,2003,1
Chile,2003,32
Colombia,2003,26
Costa Rica,2003,3
Kúba,2003,15
Dóminíka,2003,0
Dóminíska lýðveldið,2003,6
Ekvador,2003,8
Grenada,2003,0
Guatemala,2003,3
Guyana,2003,4
Hondúras,2003,12
Haítí,2003,0
Jamaíka,2003,4
Sankti Kitts og Nevis,2003,0
Mexíkó,2003,22
Nicaragua,2003,4
Panama,2003,1
Perú,2003,26
Puerto Rico,2003,1
Paraguay,2003,2
Súrinam,2003,0
El Salvador,2003,3
Trínidad og Tóbagó,2003,2
Uruguay,2003,2
Sankti Vinsent og Grenadínur,2003,0
Venesúela,2003,8
Angóla,2003,6
Búrkína Fasó,2003,0
Benín,2003,0
Botswana,2003,0
"Kongó, Lýðstjórnarlýðveldið",2003,1
"Kongó, Lýðveldið",2003,0
Côte d'Ivoire (Fílabeinsströndin),2003,1
Kamerún,2003,0
Cabo Verde (Grænhöfðaeyjar),2003,10
Djibútí,2003,0
Alsír,2003,10
Egyptaland,2003,7
Vestur-Sahara,2003,0
Eritrea,2003,0
Eþíópía,2003,19
Gabon,2003,0
Ghana,2003,19
Gambía,2003,4
Gínea,2003,7
Miðbaugs-Gínea,2003,1
Gínea-Bissaú,2003,0
Kenya,2003,12
Sankti Lúsía,2003,0
Líbería,2003,0
Lesótó,2003,0
Líbía,2003,0
Marokkó,2003,60
Madagaskar,2003,0
Malí,2003,0
Máritanía,2003,0
Máritíus,2003,3
Malaví,2003,0
Mósambík,2003,2
Namibía,2003,12
Níger,2003,0
Nígería,2003,27
Rwanda,2003,1
Seychelles-eyjar,2003,0
Súdan,2003,0
Síerra Leóne,2003,7
Senegal,2003,5
Sómalía,2003,1
Suður-Súdan,2003,0
Chad,2003,0
Tógó,2003,0
Túnis,2003,8
Tansanía,2003,1
Úganda,2003,2
Suður-Afríka,2003,32
Zambia,2003,1
Saír,2003,1
Zimbabwe,2003,1
Afganistan,2003,3
Armenía,2003,1
Azerbaijan,2003,1
Bangladesh,2003,0
Kína,2003,125
Georgía,2003,13
Indónesía,2003,16
Ísrael,2003,8
Indland,2003,39
Írak,2003,8
Íran,2003,4
Jórdanía,2003,8
Japan,2003,28
Kyrgyzstan,2003,1
Kambódía,2003,3
"Kórea, Norður-",2003,0
"Kórea, Suður-",2003,5
Kasakstan,2003,4
Laos,2003,0
Líbanon,2003,4
Srí Lanka,2003,28
Myanmar,2003,0
Mongólía,2003,10
Maldívur,2003,0
Malasía,2003,8
Nepal,2003,30
Óman,2003,0
Filippseyjar,2003,473
Pakistan,2003,8
Palestína,2003,0
Sádi-Arabía,2003,0
Singapore,2003,5
Sýrland,2003,7
Thailand,2003,396
Tadsíkistan,2003,0
Tímor-Leste,2003,0
Túrkmenistan,2003,0
Tyrkland,2003,20
Taiwan,2003,3
Úsbekistan,2003,2
Víetnam,2003,135
Jemen,2003,0
Ástralía,2003,31
Fiji,2003,0
Naúrú,2003,0
Nýja-Sjáland,2003,18
Papúa Nýja-Gínea,2003,0
Salómonseyjar,2003,0
Tonga,2003,0
Vanúatú,2003,0
"Útlönd, ótilgreint land",2003,2
Ríkisfangslaus,2003,18
Ísland,2004,150934
Danmörk,2004,557
Finnland,2004,72
Noregur,2004,233
Svíþjóð,2004,257
Austurríki,2004,43
Belgía,2004,39
Búlgaría,2004,54
Kýpur,2004,0
Tékkland,2004,34
Þýskaland,2004,443
Eistland,2004,52
Spánn,2004,102
Frakkland,2004,121
Bretland,2004,314
Grikkland,2004,6
Ungverjaland,2004,36
Írland,2004,32
Ítalía,2004,80
Litháen (Lietuva),2004,305
Lúxemborg,2004,2
Lettland,2004,65
Malta,2004,2
Holland (Niðurland),2004,106
Pólland,2004,1486
Portúgal,2004,86
Rúmenía,2004,60
Slóvenía,2004,6
Slóvakía,2004,47
Andorra,2004,0
Albanía,2004,19
Bosnia og Herzegovina,2004,53
Hvíta-Rússland,2004,20
Sviss,2004,24
Serbía og Svartfjallaland,2004,1
Króatía,2004,45
Liechtenstein,2004,0
Moldóva,2004,6
Montenegró (Svartfjallaland),2004,0
Norður Makedónía,2004,12
Serbía,2004,0
Rússland,2004,153
San Marínó,2004,0
Fyrrum Sovétríki,2004,0
Úkraína,2004,88
Kósovó,2004,0
Evrópa ótilgreint,2004,0
"Ríki í fyrrum Júgóslavíu, ótilgreint",2004,0
Júgóslavía (Serbía og Svartfjallaland),2004,356
Kanada,2004,55
Bandaríkin,2004,388
Antigua og Barbuda,2004,0
Argentína,2004,6
Barbados,2004,1
Bólivía,2004,4
Brasilía,2004,21
Bahamaeyjar,2004,0
Belize,2004,1
Chile,2004,32
Colombia,2004,25
Costa Rica,2004,4
Kúba,2004,14
Dóminíka,2004,0
Dóminíska lýðveldið,2004,4
Ekvador,2004,9
Grenada,2004,0
Guatemala,2004,2
Guyana,2004,5
Hondúras,2004,13
Haítí,2004,0
Jamaíka,2004,5
Sankti Kitts og Nevis,2004,0
Mexíkó,2004,23
Nicaragua,2004,3
Panama,2004,2
Perú,2004,27
Puerto Rico,2004,0
Paraguay,2004,1
Súrinam,2004,0
El Salvador,2004,2
Trínidad og Tóbagó,2004,1
Uruguay,2004,4
Sankti Vinsent og Grenadínur,2004,0
Venesúela,2004,9
Angóla,2004,6
Búrkína Fasó,2004,0
Benín,2004,0
Botswana,2004,0
"Kongó, Lýðstjórnarlýðveldið",2004,1
"Kongó, Lýðveldið",2004,1
Côte d'Ivoire (Fílabeinsströndin),2004,1
Kamerún,2004,0
Cabo Verde (Grænhöfðaeyjar),2004,8
Djibútí,2004,0
Alsír,2004,8
Egyptaland,2004,8
Vestur-Sahara,2004,0
Eritrea,2004,0
Eþíópía,2004,16
Gabon,2004,0
Ghana,2004,16
Gambía,2004,4
Gínea,2004,6
Miðbaugs-Gínea,2004,1
Gínea-Bissaú,2004,0
Kenya,2004,14
Sankti Lúsía,2004,0
Líbería,2004,0
Lesótó,2004,0
Líbía,2004,1
Marokkó,2004,61
Madagaskar,2004,0
Malí,2004,0
Máritanía,2004,0
Máritíus,2004,4
Malaví,2004,2
Mósambík,2004,5
Namibía,2004,14
Níger,2004,0
Nígería,2004,27
Rwanda,2004,1
Seychelles-eyjar,2004,0
Súdan,2004,0
Síerra Leóne,2004,7
Senegal,2004,6
Sómalía,2004,1
Suður-Súdan,2004,0
Chad,2004,0
Tógó,2004,0
Túnis,2004,8
Tansanía,2004,1
Úganda,2004,4
Suður-Afríka,2004,27
Zambia,2004,1
Saír,2004,0
Zimbabwe,2004,0
Afganistan,2004,3
Armenía,2004,1
Azerbaijan,2004,1
Bangladesh,2004,0
Kína,2004,134
Georgía,2004,16
Indónesía,2004,14
Ísrael,2004,7
Indland,2004,42
Írak,2004,7
Íran,2004,7
Jórdanía,2004,7
Japan,2004,32
Kyrgyzstan,2004,1
Kambódía,2004,3
"Kórea, Norður-",2004,0
"Kórea, Suður-",2004,5
Kasakstan,2004,4
Laos,2004,0
Líbanon,2004,4
Srí Lanka,2004,32
Myanmar,2004,0
Mongólía,2004,12
Maldívur,2004,0
Malasía,2004,9
Nepal,2004,32
Óman,2004,0
Filippseyjar,2004,473
Pakistan,2004,12
Palestína,2004,0
Sádi-Arabía,2004,0
Singapore,2004,6
Sýrland,2004,8
Thailand,2004,384
Tadsíkistan,2004,0
Tímor-Leste,2004,0
Túrkmenistan,2004,0
Tyrkland,2004,28
Taiwan,2004,3
Úsbekistan,2004,2
Víetnam,2004,155
Jemen,2004,0
Ástralía,2004,28
Fiji,2004,0
Naúrú,2004,0
Nýja-Sjáland,2004,19
Papúa Nýja-Gínea,2004,0
Salómonseyjar,2004,0
Tonga,2004,0
Vanúatú,2004,0
"Útlönd, ótilgreint land",2004,14
Ríkisfangslaus,2004,21
Ísland,2005,152147
Danmörk,2005,583
Finnland,2005,71
Noregur,2005,212
Svíþjóð,2005,241
Austurríki,2005,50
Belgía,2005,29
Búlgaría,2005,54
Kýpur,2005,0
Tékkland,2005,33
Þýskaland,2005,437
Eistland,2005,48
Spánn,2005,92
Frakkland,2005,121
Bretland,2005,287
Grikkland,2005,6
Ungverjaland,2005,33
Írland,2005,26
Ítalía,2005,209
Litháen (Lietuva),2005,330
Lúxemborg,2005,1
Lettland,2005,66
Malta,2005,1
Holland (Niðurland),2005,103
Pólland,2005,1527
Portúgal,2005,338
Rúmenía,2005,75
Slóvenía,2005,6
Slóvakía,2005,75
Andorra,2005,0
Albanía,2005,17
Bosnia og Herzegovina,2005,60
Hvíta-Rússland,2005,20
Sviss,2005,31
Serbía og Svartfjallaland,2005,31
Króatía,2005,40
Liechtenstein,2005,0
Moldóva,2005,6
Montenegró (Svartfjallaland),2005,0
Norður Makedónía,2005,12
Serbía,2005,0
Rússland,2005,143
San Marínó,2005,0
Fyrrum Sovétríki,2005,0
Úkraína,2005,91
Kósovó,2005,0
Evrópa ótilgreint,2005,1
"Ríki í fyrrum Júgóslavíu, ótilgreint",2005,313
Júgóslavía (Serbía og Svartfjallaland),2005,0
Kanada,2005,61
Bandaríkin,2005,396
Antigua og Barbuda,2005,0
Argentína,2005,4
Barbados,2005,1
Bólivía,2005,4
Brasilía,2005,24
Bahamaeyjar,2005,0
Belize,2005,1
Chile,2005,33
Colombia,2005,27
Costa Rica,2005,4
Kúba,2005,13
Dóminíka,2005,0
Dóminíska lýðveldið,2005,4
Ekvador,2005,10
Grenada,2005,0
Guatemala,2005,2
Guyana,2005,4
Hondúras,2005,11
Haítí,2005,0
Jamaíka,2005,7
Sankti Kitts og Nevis,2005,0
Mexíkó,2005,19
Nicaragua,2005,3
Panama,2005,1
Perú,2005,23
Puerto Rico,2005,0
Paraguay,2005,2
Súrinam,2005,0
El Salvador,2005,3
Trínidad og Tóbagó,2005,0
Uruguay,2005,3
Sankti Vinsent og Grenadínur,2005,0
Venesúela,2005,8
Angóla,2005,5
Búrkína Fasó,2005,0
Benín,2005,0
Botswana,2005,0
"Kongó, Lýðstjórnarlýðveldið",2005,1
"Kongó, Lýðveldið",2005,1
Côte d'Ivoire (Fílabeinsströndin),2005,1
Kamerún,2005,0
Cabo Verde (Grænhöfðaeyjar),2005,10
Djibútí,2005,0
Alsír,2005,5
Egyptaland,2005,7
Vestur-Sahara,2005,0
Eritrea,2005,2
Eþíópía,2005,22
Gabon,2005,0
Ghana,2005,14
Gambía,2005,3
Gínea,2005,7
Miðbaugs-Gínea,2005,1
Gínea-Bissaú,2005,0
Kenya,2005,14
Sankti Lúsía,2005,0
Líbería,2005,0
Lesótó,2005,0
Líbía,2005,1
Marokkó,2005,59
Madagaskar,2005,0
Malí,2005,0
Máritanía,2005,0
Máritíus,2005,3
Malaví,2005,1
Mósambík,2005,4
Namibía,2005,12
Níger,2005,0
Nígería,2005,26
Rwanda,2005,1
Seychelles-eyjar,2005,0
Súdan,2005,0
Síerra Leóne,2005,5
Senegal,2005,6
Sómalía,2005,1
Suður-Súdan,2005,0
Chad,2005,0
Tógó,2005,0
Túnis,2005,7
Tansanía,2005,2
Úganda,2005,5
Suður-Afríka,2005,18
Zambia,2005,1
Saír,2005,0
Zimbabwe,2005,0
Afganistan,2005,3
Armenía,2005,1
Azerbaijan,2005,2
Bangladesh,2005,0
Kína,2005,180
Georgía,2005,12
Indónesía,2005,16
Ísrael,2005,6
Indland,2005,44
Írak,2005,6
Íran,2005,7
Jórdanía,2005,7
Japan,2005,40
Kyrgyzstan,2005,1
Kambódía,2005,2
"Kórea, Norður-",2005,0
"Kórea, Suður-",2005,6
Kasakstan,2005,6
Laos,2005,0
Líbanon,2005,2
Srí Lanka,2005,32
Myanmar,2005,0
Mongólía,2005,14
Maldívur,2005,0
Malasía,2005,10
Nepal,2005,40
Óman,2005,0
Filippseyjar,2005,492
Pakistan,2005,20
Palestína,2005,0
Sádi-Arabía,2005,0
Singapore,2005,5
Sýrland,2005,7
Thailand,2005,377
Tadsíkistan,2005,0
Tímor-Leste,2005,0
Túrkmenistan,2005,0
Tyrkland,2005,26
Taiwan,2005,3
Úsbekistan,2005,3
Víetnam,2005,160
Jemen,2005,0
Ástralía,2005,32
Fiji,2005,0
Naúrú,2005,0
Nýja-Sjáland,2005,16
Papúa Nýja-Gínea,2005,0
Salómonseyjar,2005,0
Tonga,2005,1
Vanúatú,2005,0
"Útlönd, ótilgreint land",2005,17
Ríkisfangslaus,2005,25
Ísland,2006,153438
Danmörk,2006,598
Finnland,2006,81
Noregur,2006,230
Svíþjóð,2006,261
Austurríki,2006,53
Belgía,2006,34
Búlgaría,2006,63
Kýpur,2006,0
Tékkland,2006,37
Þýskaland,2006,668
Eistland,2006,49
Spánn,2006,107
Frakkland,2006,138
Bretland,2006,328
Grikkland,2006,6
Ungverjaland,2006,33
Írland,2006,30
Ítalía,2006,254
Litháen (Lietuva),2006,490
Lúxemborg,2006,1
Lettland,2006,132
Malta,2006,1
Holland (Niðurland),2006,110
Pólland,2006,2793
Portúgal,2006,417
Rúmenía,2006,87
Slóvenía,2006,5
Slóvakía,2006,87
Andorra,2006,0
Albanía,2006,16
Bosnia og Herzegovina,2006,66
Hvíta-Rússland,2006,23
Sviss,2006,36
Serbía og Svartfjallaland,2006,91
Króatía,2006,32
Liechtenstein,2006,0
Moldóva,2006,4
Montenegró (Svartfjallaland),2006,0
Norður Makedónía,2006,18
Serbía,2006,0
Rússland,2006,147
San Marínó,2006,0
Fyrrum Sovétríki,2006,0
Úkraína,2006,110
Kósovó,2006,0
Evrópa ótilgreint,2006,1
"Ríki í fyrrum Júgóslavíu, ótilgreint",2006,294
Júgóslavía (Serbía og Svartfjallaland),2006,0
Kanada,2006,82
Bandaríkin,2006,446
Antigua og Barbuda,2006,0
Argentína,2006,17
Barbados,2006,1
Bólivía,2006,3
Brasilía,2006,33
Bahamaeyjar,2006,0
Belize,2006,1
Chile,2006,44
Colombia,2006,40
Costa Rica,2006,3
Kúba,2006,12
Dóminíka,2006,0
Dóminíska lýðveldið,2006,4
Ekvador,2006,12
Grenada,2006,0
Guatemala,2006,4
Guyana,2006,3
Hondúras,2006,14
Haítí,2006,0
Jamaíka,2006,3
Sankti Kitts og Nevis,2006,0
Mexíkó,2006,21
Nicaragua,2006,0
Panama,2006,1
Perú,2006,21
Puerto Rico,2006,0
Paraguay,2006,3
Súrinam,2006,0
El Salvador,2006,3
Trínidad og Tóbagó,2006,0
Uruguay,2006,8
Sankti Vinsent og Grenadínur,2006,0
Venesúela,2006,9
Angóla,2006,6
Búrkína Fasó,2006,0
Benín,2006,0
Botswana,2006,0
"Kongó, Lýðstjórnarlýðveldið",2006,1
"Kongó, Lýðveldið",2006,1
Côte d'Ivoire (Fílabeinsströndin),2006,2
Kamerún,2006,2
Cabo Verde (Grænhöfðaeyjar),2006,8
Djibútí,2006,0
Alsír,2006,4
Egyptaland,2006,6
Vestur-Sahara,2006,0
Eritrea,2006,0
Eþíópía,2006,23
Gabon,2006,0
Ghana,2006,19
Gambía,2006,3
Gínea,2006,8
Miðbaugs-Gínea,2006,0
Gínea-Bissaú,2006,0
Kenya,2006,18
Sankti Lúsía,2006,0
Líbería,2006,0
Lesótó,2006,4
Líbía,2006,1
Marokkó,2006,71
Madagaskar,2006,0
Malí,2006,0
Máritanía,2006,0
Máritíus,2006,3
Malaví,2006,1
Mósambík,2006,3
Namibía,2006,12
Níger,2006,1
Nígería,2006,30
Rwanda,2006,1
Seychelles-eyjar,2006,0
Súdan,2006,0
Síerra Leóne,2006,5
Senegal,2006,6
Sómalía,2006,1
Suður-Súdan,2006,0
Chad,2006,0
Tógó,2006,0
Túnis,2006,2
Tansanía,2006,5
Úganda,2006,7
Suður-Afríka,2006,20
Zambia,2006,1
Saír,2006,0
Zimbabwe,2006,0
Afganistan,2006,3
Armenía,2006,1
Azerbaijan,2006,2
Bangladesh,2006,0
Kína,2006,542
Georgía,2006,13
Indónesía,2006,13
Ísrael,2006,7
Indland,2006,57
Írak,2006,5
Íran,2006,6
Jórdanía,2006,6
Japan,2006,41
Kyrgyzstan,2006,1
Kambódía,2006,2
"Kórea, Norður-",2006,0
"Kórea, Suður-",2006,6
Kasakstan,2006,8
Laos,2006,0
Líbanon,2006,2
Srí Lanka,2006,38
Myanmar,2006,0
Mongólía,2006,15
Maldívur,2006,0
Malasía,2006,13
Nepal,2006,53
Óman,2006,0
Filippseyjar,2006,580
Pakistan,2006,67
Palestína,2006,0
Sádi-Arabía,2006,0
Singapore,2006,6
Sýrland,2006,5
Thailand,2006,420
Tadsíkistan,2006,0
Tímor-Leste,2006,0
Túrkmenistan,2006,0
Tyrkland,2006,27
Taiwan,2006,1
Úsbekistan,2006,3
Víetnam,2006,167
Jemen,2006,0
Ástralía,2006,50
Fiji,2006,0
Naúrú,2006,0
Nýja-Sjáland,2006,19
Papúa Nýja-Gínea,2006,0
Salómonseyjar,2006,0
Tonga,2006,1
Vanúatú,2006,0
"Útlönd, ótilgreint land",2006,20
Ríkisfangslaus,2006,37
Ísland,2007,154537
Danmörk,2007,616
Finnland,2007,87
Noregur,2007,224
Svíþjóð,2007,280
Austurríki,2007,70
Belgía,2007,36
Búlgaría,2007,74
Kýpur,2007,1
Tékkland,2007,130
Þýskaland,2007,821
Eistland,2007,65
Spánn,2007,112
Frakkland,2007,153
Bretland,2007,360
Grikkland,2007,8
Ungverjaland,2007,44
Írland,2007,35
Ítalía,2007,263
Litháen (Lietuva),2007,844
Lúxemborg,2007,2
Lettland,2007,281
Malta,2007,1
Holland (Niðurland),2007,122
Pólland,2007,5445
Portúgal,2007,701
Rúmenía,2007,102
Slóvenía,2007,47
Slóvakía,2007,193
Andorra,2007,0
Albanía,2007,16
Bosnia og Herzegovina,2007,76
Hvíta-Rússland,2007,26
Sviss,2007,39
Serbía og Svartfjallaland,2007,0
Króatía,2007,107
Liechtenstein,2007,0
Moldóva,2007,10
Montenegró (Svartfjallaland),2007,0
Norður Makedónía,2007,20
Serbía,2007,16
Rússland,2007,147
San Marínó,2007,0
Fyrrum Sovétríki,2007,0
Úkraína,2007,127
Kósovó,2007,0
Evrópa ótilgreint,2007,0
"Ríki í fyrrum Júgóslavíu, ótilgreint",2007,348
Júgóslavía (Serbía og Svartfjallaland),2007,0
Kanada,2007,117
Bandaríkin,2007,509
Antigua og Barbuda,2007,0
Argentína,2007,20
Barbados,2007,1
Bólivía,2007,2
Brasilía,2007,41
Bahamaeyjar,2007,0
Belize,2007,1
Chile,2007,51
Colombia,2007,42
Costa Rica,2007,6
Kúba,2007,10
Dóminíka,2007,0
Dóminíska lýðveldið,2007,3
Ekvador,2007,13
Grenada,2007,0
Guatemala,2007,4
Guyana,2007,4
Hondúras,2007,13
Haítí,2007,1
Jamaíka,2007,3
Sankti Kitts og Nevis,2007,0
Mexíkó,2007,22
Nicaragua,2007,0
Panama,2007,1
Perú,2007,26
Puerto Rico,2007,0
Paraguay,2007,3
Súrinam,2007,0
El Salvador,2007,3
Trínidad og Tóbagó,2007,0
Uruguay,2007,9
Sankti Vinsent og Grenadínur,2007,0
Venesúela,2007,12
Angóla,2007,6
Búrkína Fasó,2007,0
Benín,2007,0
Botswana,2007,0
"Kongó, Lýðstjórnarlýðveldið",2007,1
"Kongó, Lýðveldið",2007,0
Côte d'Ivoire (Fílabeinsströndin),2007,2
Kamerún,2007,2
Cabo Verde (Grænhöfðaeyjar),2007,6
Djibútí,2007,1
Alsír,2007,5
Egyptaland,2007,6
Vestur-Sahara,2007,0
Eritrea,2007,0
Eþíópía,2007,26
Gabon,2007,0
Ghana,2007,18
Gambía,2007,4
Gínea,2007,6
Miðbaugs-Gínea,2007,0
Gínea-Bissaú,2007,0
Kenya,2007,17
Sankti Lúsía,2007,0
Líbería,2007,0
Lesótó,2007,4
Líbía,2007,1
Marokkó,2007,85
Madagaskar,2007,0
Malí,2007,0
Máritanía,2007,0
Máritíus,2007,4
Malaví,2007,1
Mósambík,2007,3
Namibía,2007,10
Níger,2007,2
Nígería,2007,29
Rwanda,2007,1
Seychelles-eyjar,2007,0
Súdan,2007,0
Síerra Leóne,2007,5
Senegal,2007,5
Sómalía,2007,1
Suður-Súdan,2007,0
Chad,2007,0
Tógó,2007,1
Túnis,2007,4
Tansanía,2007,6
Úganda,2007,8
Suður-Afríka,2007,18
Zambia,2007,2
Saír,2007,0
Zimbabwe,2007,1
Afganistan,2007,3
Armenía,2007,1
Azerbaijan,2007,3
Bangladesh,2007,0
Kína,2007,697
Georgía,2007,12
Indónesía,2007,51
Ísrael,2007,9
Indland,2007,87
Írak,2007,4
Íran,2007,11
Jórdanía,2007,2
Japan,2007,45
Kyrgyzstan,2007,0
Kambódía,2007,2
"Kórea, Norður-",2007,0
"Kórea, Suður-",2007,6
Kasakstan,2007,9
Laos,2007,0
Líbanon,2007,3
Srí Lanka,2007,46
Myanmar,2007,0
Mongólía,2007,14
Maldívur,2007,0
Malasía,2007,14
Nepal,2007,56
Óman,2007,0
Filippseyjar,2007,574
Pakistan,2007,93
Palestína,2007,0
Sádi-Arabía,2007,0
Singapore,2007,4
Sýrland,2007,6
Thailand,2007,428
Tadsíkistan,2007,0
Tímor-Leste,2007,0
Túrkmenistan,2007,0
Tyrkland,2007,29
Taiwan,2007,1
Úsbekistan,2007,1
Víetnam,2007,165
Jemen,2007,0
Ástralía,2007,58
Fiji,2007,0
Naúrú,2007,0
Nýja-Sjáland,2007,30
Papúa Nýja-Gínea,2007,0
Salómonseyjar,2007,0
Tonga,2007,1
Vanúatú,2007,0
"Útlönd, ótilgreint land",2007,0
Ríkisfangslaus,2007,62
Ísland,2008,155572
Danmörk,2008,653
Finnland,2008,94
Noregur,2008,219
Svíþjóð,2008,345
Austurríki,2008,79
Belgía,2008,42
Búlgaría,2008,74
Kýpur,2008,1
Tékkland,2008,220
Þýskaland,2008,914
Eistland,2008,78
Spánn,2008,130
Frakkland,2008,183
Bretland,2008,394
Grikkland,2008,11
Ungverjaland,2008,77
Írland,2008,44
Ítalía,2008,214
Litháen (Lietuva),2008,1236
Lúxemborg,2008,2
Lettland,2008,409
Malta,2008,4
Holland (Niðurland),2008,139
Pólland,2008,8825
Portúgal,2008,870
Rúmenía,2008,137
Slóvenía,2008,38
Slóvakía,2008,204
Andorra,2008,0
Albanía,2008,15
Bosnia og Herzegovina,2008,59
Hvíta-Rússland,2008,28
Sviss,2008,48
Serbía og Svartfjallaland,2008,0
Króatía,2008,40
Liechtenstein,2008,0
Moldóva,2008,10
Montenegró (Svartfjallaland),2008,0
Norður Makedónía,2008,19
Serbía,2008,94
Rússland,2008,160
San Marínó,2008,0
Fyrrum Sovétríki,2008,0
Úkraína,2008,135
Kósovó,2008,0
Evrópa ótilgreint,2008,0
"Ríki í fyrrum Júgóslavíu, ótilgreint",2008,248
Júgóslavía (Serbía og Svartfjallaland),2008,0
Kanada,2008,189
Bandaríkin,2008,491
Antigua og Barbuda,2008,0
Argentína,2008,11
Barbados,2008,1
Bólivía,2008,2
Brasilía,2008,61
Bahamaeyjar,2008,0
Belize,2008,0
Chile,2008,34
Colombia,2008,36
Costa Rica,2008,7
Kúba,2008,19
Dóminíka,2008,0
Dóminíska lýðveldið,2008,2
Ekvador,2008,13
Grenada,2008,0
Guatemala,2008,4
Guyana,2008,5
Hondúras,2008,13
Haítí,2008,1
Jamaíka,2008,2
Sankti Kitts og Nevis,2008,0
Mexíkó,2008,19
Nicaragua,2008,1
Panama,2008,1
Perú,2008,27
Puerto Rico,2008,0
Paraguay,2008,3
Súrinam,2008,0
El Salvador,2008,7
Trínidad og Tóbagó,2008,0
Uruguay,2008,5
Sankti Vinsent og Grenadínur,2008,0
Venesúela,2008,17
Angóla,2008,5
Búrkína Fasó,2008,1
Benín,2008,0
Botswana,2008,0
"Kongó, Lýðstjórnarlýðveldið",2008,1
"Kongó, Lýðveldið",2008,0
Côte d'Ivoire (Fílabeinsströndin),2008,2
Kamerún,2008,3
Cabo Verde (Grænhöfðaeyjar),2008,9
Djibútí,2008,1
Alsír,2008,5
Egyptaland,2008,6
Vestur-Sahara,2008,0
Eritrea,2008,1
Eþíópía,2008,31
Gabon,2008,0
Ghana,2008,20
Gambía,2008,3
Gínea,2008,5
Miðbaugs-Gínea,2008,0
Gínea-Bissaú,2008,0
Kenya,2008,26
Sankti Lúsía,2008,0
Líbería,2008,0
Lesótó,2008,0
Líbía,2008,1
Marokkó,2008,77
Madagaskar,2008,0
Malí,2008,0
Máritanía,2008,0
Máritíus,2008,4
Malaví,2008,0
Mósambík,2008,2
Namibía,2008,11
Níger,2008,1
Nígería,2008,31
Rwanda,2008,1
Seychelles-eyjar,2008,0
Súdan,2008,0
Síerra Leóne,2008,4
Senegal,2008,5
Sómalía,2008,0
Suður-Súdan,2008,0
Chad,2008,0
Tógó,2008,0
Túnis,2008,4
Tansanía,2008,9
Úganda,2008,12
Suður-Afríka,2008,19
Zambia,2008,3
Saír,2008,0
Zimbabwe,2008,1
Afganistan,2008,3
Armenía,2008,1
Azerbaijan,2008,3
Bangladesh,2008,1
Kína,2008,330
Georgía,2008,12
Indónesía,2008,61
Ísrael,2008,8
Indland,2008,109
Írak,2008,3
Íran,2008,15
Jórdanía,2008,4
Japan,2008,50
Kyrgyzstan,2008,0
Kambódía,2008,3
"Kórea, Norður-",2008,0
"Kórea, Suður-",2008,6
Kasakstan,2008,7
Laos,2008,0
Líbanon,2008,4
Srí Lanka,2008,50
Myanmar,2008,0
Mongólía,2008,16
Maldívur,2008,0
Malasía,2008,17
Nepal,2008,58
Óman,2008,0
Filippseyjar,2008,541
Pakistan,2008,50
Palestína,2008,0
Sádi-Arabía,2008,0
Singapore,2008,5
Sýrland,2008,7
Thailand,2008,443
Tadsíkistan,2008,0
Tímor-Leste,2008,0
Túrkmenistan,2008,0
Tyrkland,2008,27
Taiwan,2008,1
Úsbekistan,2008,1
Víetnam,2008,160
Jemen,2008,0
Ástralía,2008,60
Fiji,2008,1
Naúrú,2008,1
Nýja-Sjáland,2008,29
Papúa Nýja-Gínea,2008,0
Salómonseyjar,2008,0
Tonga,2008,1
Vanúatú,2008,0
"Útlönd, ótilgreint land",2008,0
Ríkisfangslaus,2008,84
Ísland,2009,156910
Danmörk,2009,650
Finnland,2009,96
Noregur,2009,216
Svíþjóð,2009,317
Austurríki,2009,89
Belgía,2009,41
Búlgaría,2009,68
Kýpur,2009,1
Tékkland,2009,244
Þýskaland,2009,974
Eistland,2009,86
Spánn,2009,159
Frakkland,2009,235
Bretland,2009,459
Grikkland,2009,9
Ungverjaland,2009,136
Írland,2009,52
Ítalía,2009,192
Litháen (Lietuva),2009,1388
Lúxemborg,2009,2
Lettland,2009,525
Malta,2009,4
Holland (Niðurland),2009,148
Pólland,2009,9399
Portúgal,2009,674
Rúmenía,2009,149
Slóvenía,2009,25
Slóvakía,2009,301
Andorra,2009,0
Albanía,2009,10
Bosnia og Herzegovina,2009,54
Hvíta-Rússland,2009,23
Sviss,2009,60
Serbía og Svartfjallaland,2009,0
Króatía,2009,36
Liechtenstein,2009,0
Moldóva,2009,6
Montenegró (Svartfjallaland),2009,0
Norður Makedónía,2009,18
Serbía,2009,102
Rússland,2009,134
San Marínó,2009,0
Fyrrum Sovétríki,2009,0
Úkraína,2009,133
Kósovó,2009,0
Evrópa ótilgreint,2009,0
"Ríki í fyrrum Júgóslavíu, ótilgreint",2009,144
Júgóslavía (Serbía og Svartfjallaland),2009,0
Kanada,2009,101
Bandaríkin,2009,398
Antigua og Barbuda,2009,0
Argentína,2009,10
Barbados,2009,1
Bólivía,2009,2
Brasilía,2009,64
Bahamaeyjar,2009,1
Belize,2009,0
Chile,2009,24
Colombia,2009,31
Costa Rica,2009,4
Kúba,2009,19
Dóminíka,2009,0
Dóminíska lýðveldið,2009,5
Ekvador,2009,8
Grenada,2009,0
Guatemala,2009,6
Guyana,2009,3
Hondúras,2009,12
Haítí,2009,2
Jamaíka,2009,1
Sankti Kitts og Nevis,2009,0
Mexíkó,2009,26
Nicaragua,2009,0
Panama,2009,2
Perú,2009,27
Puerto Rico,2009,0
Paraguay,2009,3
Súrinam,2009,0
El Salvador,2009,6
Trínidad og Tóbagó,2009,1
Uruguay,2009,4
Sankti Vinsent og Grenadínur,2009,0
Venesúela,2009,12
Angóla,2009,3
Búrkína Fasó,2009,1
Benín,2009,0
Botswana,2009,0
"Kongó, Lýðstjórnarlýðveldið",2009,1
"Kongó, Lýðveldið",2009,0
Côte d'Ivoire (Fílabeinsströndin),2009,2
Kamerún,2009,3
Cabo Verde (Grænhöfðaeyjar),2009,11
Djibútí,2009,1
Alsír,2009,5
Egyptaland,2009,8
Vestur-Sahara,2009,0
Eritrea,2009,2
Eþíópía,2009,32
Gabon,2009,0
Ghana,2009,18
Gambía,2009,4
Gínea,2009,3
Miðbaugs-Gínea,2009,1
Gínea-Bissaú,2009,0
Kenya,2009,21
Sankti Lúsía,2009,0
Líbería,2009,1
Lesótó,2009,0
Líbía,2009,1
Marokkó,2009,65
Madagaskar,2009,0
Malí,2009,1
Máritanía,2009,0
Máritíus,2009,2
Malaví,2009,0
Mósambík,2009,3
Namibía,2009,13
Níger,2009,0
Nígería,2009,29
Rwanda,2009,1
Seychelles-eyjar,2009,0
Súdan,2009,0
Síerra Leóne,2009,3
Senegal,2009,5
Sómalía,2009,0
Suður-Súdan,2009,0
Chad,2009,0
Tógó,2009,0
Túnis,2009,6
Tansanía,2009,7
Úganda,2009,12
Suður-Afríka,2009,17
Zambia,2009,3
Saír,2009,0
Zimbabwe,2009,0
Afganistan,2009,0
Armenía,2009,2
Azerbaijan,2009,3
Bangladesh,2009,1
Kína,2009,169
Georgía,2009,6
Indónesía,2009,28
Ísrael,2009,7
Indland,2009,105
Írak,2009,4
Íran,2009,14
Jórdanía,2009,2
Japan,2009,51
Kyrgyzstan,2009,1
Kambódía,2009,2
"Kórea, Norður-",2009,0
"Kórea, Suður-",2009,8
Kasakstan,2009,7
Laos,2009,0
Líbanon,2009,5
Srí Lanka,2009,45
Myanmar,2009,0
Mongólía,2009,17
Maldívur,2009,0
Malasía,2009,18
Nepal,2009,52
Óman,2009,0
Filippseyjar,2009,512
Pakistan,2009,12
Palestína,2009,0
Sádi-Arabía,2009,0
Singapore,2009,4
Sýrland,2009,5
Thailand,2009,442
Tadsíkistan,2009,0
Tímor-Leste,2009,0
Túrkmenistan,2009,0
Tyrkland,2009,23
Taiwan,2009,1
Úsbekistan,2009,2
Víetnam,2009,166
Jemen,2009,1
Ástralía,2009,38
Fiji,2009,1
Naúrú,2009,0
Nýja-Sjáland,2009,26
Papúa Nýja-Gínea,2009,0
Salómonseyjar,2009,0
Tonga,2009,1
Vanúatú,2009,0
"Útlönd, ótilgreint land",2009,0
Ríkisfangslaus,2009,87
Ísland,2010,156636
Danmörk,2010,589
Finnland,2010,98
Noregur,2010,189
Svíþjóð,2010,275
Austurríki,2010,97
Belgía,2010,44
Búlgaría,2010,58
Kýpur,2010,2
Tékkland,2010,138
Þýskaland,2010,861
Eistland,2010,85
Spánn,2010,169
Frakkland,2010,252
Bretland,2010,463
Grikkland,2010,13
Ungverjaland,2010,106
Írland,2010,57
Ítalía,2010,150
Litháen (Lietuva),2010,1230
Lúxemborg,2010,2
Lettland,2010,519
Malta,2010,2
Holland (Niðurland),2010,155
Pólland,2010,7798
Portúgal,2010,494
Rúmenía,2010,120
Slóvenía,2010,19
Slóvakía,2010,207
Andorra,2010,0
Albanía,2010,8
Bosnia og Herzegovina,2010,46
Hvíta-Rússland,2010,22
Sviss,2010,57
Serbía og Svartfjallaland,2010,0
Króatía,2010,25
Liechtenstein,2010,0
Moldóva,2010,5
Montenegró (Svartfjallaland),2010,1
Norður Makedónía,2010,14
Serbía,2010,85
Rússland,2010,124
San Marínó,2010,0
Fyrrum Sovétríki,2010,0
Úkraína,2010,113
Kósovó,2010,29
Evrópa ótilgreint,2010,0
"Ríki í fyrrum Júgóslavíu, ótilgreint",2010,74
Júgóslavía (Serbía og Svartfjallaland),2010,0
Kanada,2010,88
Bandaríkin,2010,392
Antigua og Barbuda,2010,0
Argentína,2010,9
Barbados,2010,2
Bólivía,2010,2
Brasilía,2010,64
Bahamaeyjar,2010,1
Belize,2010,1
Chile,2010,21
Colombia,2010,36
Costa Rica,2010,3
Kúba,2010,17
Dóminíka,2010,0
Dóminíska lýðveldið,2010,4
Ekvador,2010,9
Grenada,2010,0
Guatemala,2010,3
Guyana,2010,2
Hondúras,2010,9
Haítí,2010,4
Jamaíka,2010,2
Sankti Kitts og Nevis,2010,0
Mexíkó,2010,27
Nicaragua,2010,0
Panama,2010,2
Perú,2010,25
Puerto Rico,2010,0
Paraguay,2010,3
Súrinam,2010,0
El Salvador,2010,4
Trínidad og Tóbagó,2010,1
Uruguay,2010,4
Sankti Vinsent og Grenadínur,2010,0
Venesúela,2010,11
Angóla,2010,4
Búrkína Fasó,2010,1
Benín,2010,0
Botswana,2010,0
"Kongó, Lýðstjórnarlýðveldið",2010,1
"Kongó, Lýðveldið",2010,1
Côte d'Ivoire (Fílabeinsströndin),2010,1
Kamerún,2010,4
Cabo Verde (Grænhöfðaeyjar),2010,12
Djibútí,2010,1
Alsír,2010,3
Egyptaland,2010,9
Vestur-Sahara,2010,0
Eritrea,2010,3
Eþíópía,2010,26
Gabon,2010,0
Ghana,2010,18
Gambía,2010,4
Gínea,2010,5
Miðbaugs-Gínea,2010,1
Gínea-Bissaú,2010,0
Kenya,2010,19
Sankti Lúsía,2010,0
Líbería,2010,0
Lesótó,2010,0
Líbía,2010,2
Marokkó,2010,63
Madagaskar,2010,1
Malí,2010,1
Máritanía,2010,0
Máritíus,2010,3
Malaví,2010,0
Mósambík,2010,2
Namibía,2010,11
Níger,2010,0
Nígería,2010,25
Rwanda,2010,1
Seychelles-eyjar,2010,0
Súdan,2010,0
Síerra Leóne,2010,4
Senegal,2010,5
Sómalía,2010,0
Suður-Súdan,2010,0
Chad,2010,0
Tógó,2010,0
Túnis,2010,6
Tansanía,2010,7
Úganda,2010,8
Suður-Afríka,2010,18
Zambia,2010,3
Saír,2010,0
Zimbabwe,2010,0
Afganistan,2010,1
Armenía,2010,0
Azerbaijan,2010,2
Bangladesh,2010,0
Kína,2010,167
Georgía,2010,3
Indónesía,2010,26
Ísrael,2010,7
Indland,2010,71
Írak,2010,4
Íran,2010,11
Jórdanía,2010,2
Japan,2010,51
Kyrgyzstan,2010,1
Kambódía,2010,2
"Kórea, Norður-",2010,2
"Kórea, Suður-",2010,9
Kasakstan,2010,5
Laos,2010,0
Líbanon,2010,3
Srí Lanka,2010,47
Myanmar,2010,0
Mongólía,2010,15
Maldívur,2010,0
Malasía,2010,16
Nepal,2010,47
Óman,2010,0
Filippseyjar,2010,462
Pakistan,2010,7
Palestína,2010,0
Sádi-Arabía,2010,0
Singapore,2010,3
Sýrland,2010,4
Thailand,2010,418
Tadsíkistan,2010,0
Tímor-Leste,2010,0
Túrkmenistan,2010,0
Tyrkland,2010,23
Taiwan,2010,4
Úsbekistan,2010,2
Víetnam,2010,152
Jemen,2010,1
Ástralía,2010,32
Fiji,2010,2
Naúrú,2010,0
Nýja-Sjáland,2010,19
Papúa Nýja-Gínea,2010,0
Salómonseyjar,2010,0
Tonga,2010,0
Vanúatú,2010,0
"Útlönd, ótilgreint land",2010,0
Ríkisfangslaus,2010,75
Ísland,2011,153554
Danmörk,2011,530
Finnland,2011,80
Noregur,2011,154
Svíþjóð,2011,244
Austurríki,2011,52
Belgía,2011,23
Búlgaría,2011,50
Kýpur,2011,1
Tékkland,2011,90
Þýskaland,2011,623
Eistland,2011,61
Spánn,2011,152
Frakkland,2011,193
Bretland,2011,403
Grikkland,2011,10
Ungverjaland,2011,89
Írland,2011,44
Ítalía,2011,118
Litháen (Lietuva),2011,1100
Lúxemborg,2011,1
Lettland,2011,457
Malta,2011,1
Holland (Niðurland),2011,118
Pólland,2011,6433
Portúgal,2011,328
Rúmenía,2011,106
Slóvenía,2011,10
Slóvakía,2011,102
Andorra,2011,0
Albanía,2011,9
Bosnia og Herzegovina,2011,40
Hvíta-Rússland,2011,20
Sviss,2011,33
Serbía og Svartfjallaland,2011,0
Króatía,2011,22
Liechtenstein,2011,0
Moldóva,2011,5
Montenegró (Svartfjallaland),2011,1
Norður Makedónía,2011,14
Serbía,2011,66
Rússland,2011,115
San Marínó,2011,0
Fyrrum Sovétríki,2011,0
Úkraína,2011,102
Kósovó,2011,52
Evrópa ótilgreint,2011,0
"Ríki í fyrrum Júgóslavíu, ótilgreint",2011,60
Júgóslavía (Serbía og Svartfjallaland),2011,0
Kanada,2011,75
Bandaríkin,2011,331
Antigua og Barbuda,2011,0
Argentína,2011,9
Barbados,2011,2
Bólivía,2011,1
Brasilía,2011,53
Bahamaeyjar,2011,1
Belize,2011,0
Chile,2011,17
Colombia,2011,38
Costa Rica,2011,3
Kúba,2011,18
Dóminíka,2011,0
Dóminíska lýðveldið,2011,5
Ekvador,2011,6
Grenada,2011,0
Guatemala,2011,2
Guyana,2011,1
Hondúras,2011,8
Haítí,2011,5
Jamaíka,2011,2
Sankti Kitts og Nevis,2011,0
Mexíkó,2011,24
Nicaragua,2011,0
Panama,2011,2
Perú,2011,27
Puerto Rico,2011,0
Paraguay,2011,4
Súrinam,2011,0
El Salvador,2011,4
Trínidad og Tóbagó,2011,1
Uruguay,2011,4
Sankti Vinsent og Grenadínur,2011,0
Venesúela,2011,11
Angóla,2011,3
Búrkína Fasó,2011,1
Benín,2011,1
Botswana,2011,0
"Kongó, Lýðstjórnarlýðveldið",2011,1
"Kongó, Lýðveldið",2011,0
Côte d'Ivoire (Fílabeinsströndin),2011,1
Kamerún,2011,6
Cabo Verde (Grænhöfðaeyjar),2011,10
Djibútí,2011,1
Alsír,2011,5
Egyptaland,2011,6
Vestur-Sahara,2011,0
Eritrea,2011,3
Eþíópía,2011,22
Gabon,2011,0
Ghana,2011,15
Gambía,2011,2
Gínea,2011,6
Miðbaugs-Gínea,2011,2
Gínea-Bissaú,2011,0
Kenya,2011,24
Sankti Lúsía,2011,0
Líbería,2011,1
Lesótó,2011,0
Líbía,2011,2
Marokkó,2011,55
Madagaskar,2011,0
Malí,2011,1
Máritanía,2011,0
Máritíus,2011,2
Malaví,2011,0
Mósambík,2011,3
Namibía,2011,10
Níger,2011,0
Nígería,2011,24
Rwanda,2011,2
Seychelles-eyjar,2011,0
Súdan,2011,0
Síerra Leóne,2011,4
Senegal,2011,7
Sómalía,2011,0
Suður-Súdan,2011,0
Chad,2011,0
Tógó,2011,0
Túnis,2011,6
Tansanía,2011,8
Úganda,2011,11
Suður-Afríka,2011,11
Zambia,2011,2
Saír,2011,0
Zimbabwe,2011,0
Afganistan,2011,4
Armenía,2011,0
Azerbaijan,2011,2
Bangladesh,2011,2
Kína,2011,185
Georgía,2011,0
Indónesía,2011,24
Ísrael,2011,9
Indland,2011,60
Írak,2011,5
Íran,2011,13
Jórdanía,2011,3
Japan,2011,48
Kyrgyzstan,2011,0
Kambódía,2011,0
"Kórea, Norður-",2011,0
"Kórea, Suður-",2011,5
Kasakstan,2011,4
Laos,2011,0
Líbanon,2011,2
Srí Lanka,2011,43
Myanmar,2011,0
Mongólía,2011,12
Maldívur,2011,0
Malasía,2011,19
Nepal,2011,42
Óman,2011,2
Filippseyjar,2011,437
Pakistan,2011,8
Palestína,2011,2
Sádi-Arabía,2011,0
Singapore,2011,1
Sýrland,2011,3
Thailand,2011,413
Tadsíkistan,2011,0
Tímor-Leste,2011,0
Túrkmenistan,2011,0
Tyrkland,2011,25
Taiwan,2011,5
Úsbekistan,2011,1
Víetnam,2011,154
Jemen,2011,1
Ástralía,2011,25
Fiji,2011,1
Naúrú,2011,0
Nýja-Sjáland,2011,16
Papúa Nýja-Gínea,2011,0
Salómonseyjar,2011,0
Tonga,2011,0
Vanúatú,2011,0
"Útlönd, ótilgreint land",2011,0
Ríkisfangslaus,2011,56
Ísland,2012,153700
Danmörk,2012,527
Finnland,2012,79
Noregur,2012,145
Svíþjóð,2012,230
Austurríki,2012,49
Belgía,2012,18
Búlgaría,2012,51
Kýpur,2012,0
Tékkland,2012,100
Þýskaland,2012,586
Eistland,2012,64
Spánn,2012,131
Frakkland,2012,182
Bretland,2012,434
Grikkland,2012,14
Ungverjaland,2012,87
Írland,2012,52
Ítalía,2012,102
Litháen (Lietuva),2012,1102
Lúxemborg,2012,2
Lettland,2012,478
Malta,2012,1
Holland (Niðurland),2012,111
Pólland,2012,6421
Portúgal,2012,313
Rúmenía,2012,109
Slóvenía,2012,12
Slóvakía,2012,115
Andorra,2012,0
Albanía,2012,10
Bosnia og Herzegovina,2012,38
Hvíta-Rússland,2012,20
Sviss,2012,43
Serbía og Svartfjallaland,2012,0
Króatía,2012,22
Liechtenstein,2012,0
Moldóva,2012,5
Montenegró (Svartfjallaland),2012,2
Norður Makedónía,2012,11
Serbía,2012,64
Rússland,2012,116
San Marínó,2012,0
Fyrrum Sovétríki,2012,0
Úkraína,2012,104
Kósovó,2012,49
Evrópa ótilgreint,2012,0
"Ríki í fyrrum Júgóslavíu, ótilgreint",2012,42
Júgóslavía (Serbía og Svartfjallaland),2012,0
Kanada,2012,77
Bandaríkin,2012,306
Antigua og Barbuda,2012,0
Argentína,2012,11
Barbados,2012,1
Bólivía,2012,2
Brasilía,2012,57
Bahamaeyjar,2012,1
Belize,2012,0
Chile,2012,14
Colombia,2012,32
Costa Rica,2012,1
Kúba,2012,13
Dóminíka,2012,0
Dóminíska lýðveldið,2012,7
Ekvador,2012,7
Grenada,2012,0
Guatemala,2012,2
Guyana,2012,1
Hondúras,2012,7
Haítí,2012,4
Jamaíka,2012,2
Sankti Kitts og Nevis,2012,0
Mexíkó,2012,26
Nicaragua,2012,1
Panama,2012,2
Perú,2012,22
Puerto Rico,2012,0
Paraguay,2012,5
Súrinam,2012,0
El Salvador,2012,4
Trínidad og Tóbagó,2012,1
Uruguay,2012,3
Sankti Vinsent og Grenadínur,2012,0
Venesúela,2012,14
Angóla,2012,3
Búrkína Fasó,2012,1
Benín,2012,1
Botswana,2012,0
"Kongó, Lýðstjórnarlýðveldið",2012,1
"Kongó, Lýðveldið",2012,0
Côte d'Ivoire (Fílabeinsströndin),2012,0
Kamerún,2012,4
Cabo Verde (Grænhöfðaeyjar),2012,7
Djibútí,2012,1
Alsír,2012,7
Egyptaland,2012,7
Vestur-Sahara,2012,0
Eritrea,2012,3
Eþíópía,2012,21
Gabon,2012,0
Ghana,2012,13
Gambía,2012,4
Gínea,2012,6
Miðbaugs-Gínea,2012,2
Gínea-Bissaú,2012,0
Kenya,2012,27
Sankti Lúsía,2012,0
Líbería,2012,1
Lesótó,2012,0
Líbía,2012,2
Marokkó,2012,59
Madagaskar,2012,0
Malí,2012,1
Máritanía,2012,0
Máritíus,2012,2
Malaví,2012,0
Mósambík,2012,4
Namibía,2012,8
Níger,2012,0
Nígería,2012,22
Rwanda,2012,2
Seychelles-eyjar,2012,0
Súdan,2012,0
Síerra Leóne,2012,4
Senegal,2012,7
Sómalía,2012,0
Suður-Súdan,2012,0
Chad,2012,0
Tógó,2012,0
Túnis,2012,6
Tansanía,2012,8
Úganda,2012,14
Suður-Afríka,2012,19
Zambia,2012,3
Saír,2012,0
Zimbabwe,2012,0
Afganistan,2012,4
Armenía,2012,0
Azerbaijan,2012,2
Bangladesh,2012,2
Kína,2012,154
Georgía,2012,0
Indónesía,2012,27
Ísrael,2012,6
Indland,2012,66
Írak,2012,2
Íran,2012,20
Jórdanía,2012,1
Japan,2012,55
Kyrgyzstan,2012,0
Kambódía,2012,0
"Kórea, Norður-",2012,0
"Kórea, Suður-",2012,7
Kasakstan,2012,5
Laos,2012,0
Líbanon,2012,2
Srí Lanka,2012,43
Myanmar,2012,0
Mongólía,2012,12
Maldívur,2012,0
Malasía,2012,17
Nepal,2012,40
Óman,2012,0
Filippseyjar,2012,433
Pakistan,2012,8
Palestína,2012,0
Sádi-Arabía,2012,0
Singapore,2012,1
Sýrland,2012,3
Thailand,2012,415
Tadsíkistan,2012,0
Tímor-Leste,2012,0
Túrkmenistan,2012,0
Tyrkland,2012,25
Taiwan,2012,1
Úsbekistan,2012,1
Víetnam,2012,155
Jemen,2012,1
Ástralía,2012,31
Fiji,2012,1
Naúrú,2012,0
Nýja-Sjáland,2012,18
Papúa Nýja-Gínea,2012,0
Salómonseyjar,2012,0
Tonga,2012,0
Vanúatú,2012,0
"Útlönd, ótilgreint land",2012,0
Ríkisfangslaus,2012,67
Ísland,2013,154155
Danmörk,2013,539
Finnland,2013,65
Noregur,2013,136
Svíþjóð,2013,233
Austurríki,2013,52
Belgía,2013,22
Búlgaría,2013,64
Kýpur,2013,0
Tékkland,2013,96
Þýskaland,2013,563
Eistland,2013,61
Spánn,2013,156
Frakkland,2013,171
Bretland,2013,439
Grikkland,2013,15
Ungverjaland,2013,101
Írland,2013,57
Ítalía,2013,115
Litháen (Lietuva),2013,1096
Lúxemborg,2013,2
Lettland,2013,473
Malta,2013,2
Holland (Niðurland),2013,106
Pólland,2013,6728
Portúgal,2013,332
Rúmenía,2013,147
Slóvenía,2013,11
Slóvakía,2013,123
Andorra,2013,0
Albanía,2013,8
Bosnia og Herzegovina,2013,27
Hvíta-Rússland,2013,14
Sviss,2013,47
Serbía og Svartfjallaland,2013,0
Króatía,2013,23
Liechtenstein,2013,0
Moldóva,2013,5
Montenegró (Svartfjallaland),2013,1
Norður Makedónía,2013,11
Serbía,2013,56
Rússland,2013,107
San Marínó,2013,0
Fyrrum Sovétríki,2013,0
Úkraína,2013,107
Kósovó,2013,46
Evrópa ótilgreint,2013,0
"Ríki í fyrrum Júgóslavíu, ótilgreint",2013,27
Júgóslavía (Serbía og Svartfjallaland),2013,0
Kanada,2013,78
Bandaríkin,2013,375
Antigua og Barbuda,2013,1
Argentína,2013,11
Barbados,2013,1
Bólivía,2013,2
Brasilía,2013,60
Bahamaeyjar,2013,1
Belize,2013,0
Chile,2013,13
Colombia,2013,31
Costa Rica,2013,1
Kúba,2013,13
Dóminíka,2013,0
Dóminíska lýðveldið,2013,6
Ekvador,2013,7
Grenada,2013,0
Guatemala,2013,3
Guyana,2013,0
Hondúras,2013,8
Haítí,2013,7
Jamaíka,2013,3
Sankti Kitts og Nevis,2013,0
Mexíkó,2013,34
Nicaragua,2013,1
Panama,2013,2
Perú,2013,21
Puerto Rico,2013,0
Paraguay,2013,3
Súrinam,2013,0
El Salvador,2013,3
Trínidad og Tóbagó,2013,1
Uruguay,2013,2
Sankti Vinsent og Grenadínur,2013,2
Venesúela,2013,10
Angóla,2013,2
Búrkína Fasó,2013,1
Benín,2013,1
Botswana,2013,0
"Kongó, Lýðstjórnarlýðveldið",2013,1
"Kongó, Lýðveldið",2013,0
Côte d'Ivoire (Fílabeinsströndin),2013,0
Kamerún,2013,6
Cabo Verde (Grænhöfðaeyjar),2013,7
Djibútí,2013,1
Alsír,2013,11
Egyptaland,2013,9
Vestur-Sahara,2013,0
Eritrea,2013,4
Eþíópía,2013,22
Gabon,2013,0
Ghana,2013,19
Gambía,2013,5
Gínea,2013,8
Miðbaugs-Gínea,2013,2
Gínea-Bissaú,2013,0
Kenya,2013,33
Sankti Lúsía,2013,0
Líbería,2013,2
Lesótó,2013,0
Líbía,2013,2
Marokkó,2013,56
Madagaskar,2013,0
Malí,2013,1
Máritanía,2013,0
Máritíus,2013,2
Malaví,2013,0
Mósambík,2013,5
Namibía,2013,11
Níger,2013,0
Nígería,2013,26
Rwanda,2013,1
Seychelles-eyjar,2013,0
Súdan,2013,0
Síerra Leóne,2013,6
Senegal,2013,8
Sómalía,2013,1
Suður-Súdan,2013,0
Chad,2013,0
Tógó,2013,1
Túnis,2013,9
Tansanía,2013,8
Úganda,2013,14
Suður-Afríka,2013,26
Zambia,2013,4
Saír,2013,0
Zimbabwe,2013,0
Afganistan,2013,7
Armenía,2013,0
Azerbaijan,2013,1
Bangladesh,2013,3
Kína,2013,155
Georgía,2013,0
Indónesía,2013,27
Ísrael,2013,10
Indland,2013,70
Írak,2013,5
Íran,2013,24
Jórdanía,2013,2
Japan,2013,55
Kyrgyzstan,2013,0
Kambódía,2013,0
"Kórea, Norður-",2013,0
"Kórea, Suður-",2013,6
Kasakstan,2013,3
Laos,2013,0
Líbanon,2013,1
Srí Lanka,2013,46
Myanmar,2013,0
Mongólía,2013,12
Maldívur,2013,0
Malasía,2013,18
Nepal,2013,35
Óman,2013,0
Filippseyjar,2013,418
Pakistan,2013,9
Palestína,2013,3
Sádi-Arabía,2013,1
Singapore,2013,2
Sýrland,2013,5
Thailand,2013,406
Tadsíkistan,2013,0
Tímor-Leste,2013,0
Túrkmenistan,2013,0
Tyrkland,2013,26
Taiwan,2013,1
Úsbekistan,2013,3
Víetnam,2013,177
Jemen,2013,0
Ástralía,2013,38
Fiji,2013,1
Naúrú,2013,0
Nýja-Sjáland,2013,16
Papúa Nýja-Gínea,2013,0
Salómonseyjar,2013,0
Tonga,2013,0
Vanúatú,2013,0
"Útlönd, ótilgreint land",2013,0
Ríkisfangslaus,2013,76
Ísland,2014,155108
Danmörk,2014,560
Finnland,2014,74
Noregur,2014,152
Svíþjóð,2014,232
Austurríki,2014,62
Belgía,2014,25
Búlgaría,2014,84
Kýpur,2014,0
Tékkland,2014,124
Þýskaland,2014,631
Eistland,2014,64
Spánn,2014,243
Frakkland,2014,215
Bretland,2014,467
Grikkland,2014,25
Ungverjaland,2014,122
Írland,2014,54
Ítalía,2014,139
Litháen (Lietuva),2014,1146
Lúxemborg,2014,2
Lettland,2014,487
Malta,2014,3
Holland (Niðurland),2014,108
Pólland,2014,7338
Portúgal,2014,382
Rúmenía,2014,181
Slóvenía,2014,18
Slóvakía,2014,151
Andorra,2014,0
Albanía,2014,10
Bosnia og Herzegovina,2014,26
Hvíta-Rússland,2014,11
Sviss,2014,42
Serbía og Svartfjallaland,2014,0
Króatía,2014,25
Liechtenstein,2014,1
Moldóva,2014,4
Montenegró (Svartfjallaland),2014,1
Norður Makedónía,2014,15
Serbía,2014,58
Rússland,2014,106
San Marínó,2014,0
Fyrrum Sovétríki,2014,0
Úkraína,2014,108
Kósovó,2014,46
Evrópa ótilgreint,2014,0
"Ríki í fyrrum Júgóslavíu, ótilgreint",2014,15
Júgóslavía (Serbía og Svartfjallaland),2014,0
Kanada,2014,88
Bandaríkin,2014,387
Antigua og Barbuda,2014,0
Argentína,2014,11
Barbados,2014,1
Bólivía,2014,2
Brasilía,2014,55
Bahamaeyjar,2014,1
Belize,2014,0
Chile,2014,11
Colombia,2014,20
Costa Rica,2014,3
Kúba,2014,16
Dóminíka,2014,0
Dóminíska lýðveldið,2014,9
Ekvador,2014,6
Grenada,2014,0
Guatemala,2014,3
Guyana,2014,0
Hondúras,2014,9
Haítí,2014,5
Jamaíka,2014,2
Sankti Kitts og Nevis,2014,0
Mexíkó,2014,28
Nicaragua,2014,1
Panama,2014,1
Perú,2014,18
Puerto Rico,2014,0
Paraguay,2014,2
Súrinam,2014,0
El Salvador,2014,3
Trínidad og Tóbagó,2014,1
Uruguay,2014,3
Sankti Vinsent og Grenadínur,2014,2
Venesúela,2014,8
Angóla,2014,2
Búrkína Fasó,2014,0
Benín,2014,1
Botswana,2014,0
"Kongó, Lýðstjórnarlýðveldið",2014,1
"Kongó, Lýðveldið",2014,0
Côte d'Ivoire (Fílabeinsströndin),2014,0
Kamerún,2014,5
Cabo Verde (Grænhöfðaeyjar),2014,8
Djibútí,2014,1
Alsír,2014,10
Egyptaland,2014,6
Vestur-Sahara,2014,0
Eritrea,2014,5
Eþíópía,2014,23
Gabon,2014,0
Ghana,2014,17
Gambía,2014,7
Gínea,2014,8
Miðbaugs-Gínea,2014,2
Gínea-Bissaú,2014,0
Kenya,2014,33
Sankti Lúsía,2014,0
Líbería,2014,1
Lesótó,2014,0
Líbía,2014,2
Marokkó,2014,54
Madagaskar,2014,0
Malí,2014,1
Máritanía,2014,0
Máritíus,2014,2
Malaví,2014,0
Mósambík,2014,6
Namibía,2014,11
Níger,2014,0
Nígería,2014,27
Rwanda,2014,2
Seychelles-eyjar,2014,0
Súdan,2014,0
Síerra Leóne,2014,6
Senegal,2014,7
Sómalía,2014,1
Suður-Súdan,2014,0
Chad,2014,0
Tógó,2014,1
Túnis,2014,9
Tansanía,2014,8
Úganda,2014,10
Suður-Afríka,2014,17
Zambia,2014,3
Saír,2014,0
Zimbabwe,2014,0
Afganistan,2014,8
Armenía,2014,1
Azerbaijan,2014,2
Bangladesh,2014,5
Kína,2014,158
Georgía,2014,1
Indónesía,2014,25
Ísrael,2014,9
Indland,2014,72
Írak,2014,7
Íran,2014,25
Jórdanía,2014,2
Japan,2014,50
Kyrgyzstan,2014,0
Kambódía,2014,0
"Kórea, Norður-",2014,0
"Kórea, Suður-",2014,7
Kasakstan,2014,3
Laos,2014,0
Líbanon,2014,3
Srí Lanka,2014,42
Myanmar,2014,0
Mongólía,2014,9
Maldívur,2014,0
Malasía,2014,17
Nepal,2014,32
Óman,2014,0
Filippseyjar,2014,401
Pakistan,2014,10
Palestína,2014,5
Sádi-Arabía,2014,1
Singapore,2014,5
Sýrland,2014,9
Thailand,2014,409
Tadsíkistan,2014,0
Tímor-Leste,2014,0
Túrkmenistan,2014,0
Tyrkland,2014,24
Taiwan,2014,2
Úsbekistan,2014,2
Víetnam,2014,167
Jemen,2014,0
Ástralía,2014,35
Fiji,2014,1
Naúrú,2014,0
Nýja-Sjáland,2014,11
Papúa Nýja-Gínea,2014,0
Salómonseyjar,2014,0
Tonga,2014,0
Vanúatú,2014,0
"Útlönd, ótilgreint land",2014,0
Ríkisfangslaus,2014,87
Ísland,2015,155348
Danmörk,2015,558
Finnland,2015,80
Noregur,2015,157
Svíþjóð,2015,246
Austurríki,2015,68
Belgía,2015,33
Búlgaría,2015,125
Kýpur,2015,0
Tékkland,2015,177
Þýskaland,2015,671
Eistland,2015,64
Spánn,2015,344
Frakkland,2015,269
Bretland,2015,496
Grikkland,2015,28
Ungverjaland,2015,148
Írland,2015,51
Ítalía,2015,166
Litháen (Lietuva),2015,1163
Lúxemborg,2015,2
Lettland,2015,517
Malta,2015,5
Holland (Niðurland),2015,124
Pólland,2015,7888
Portúgal,2015,425
Rúmenía,2015,250
Slóvenía,2015,16
Slóvakía,2015,197
Andorra,2015,0
Albanía,2015,13
Bosnia og Herzegovina,2015,23
Hvíta-Rússland,2015,12
Sviss,2015,47
Serbía og Svartfjallaland,2015,0
Króatía,2015,27
Liechtenstein,2015,1
Moldóva,2015,4
Montenegró (Svartfjallaland),2015,1
Norður Makedónía,2015,12
Serbía,2015,54
Rússland,2015,101
San Marínó,2015,0
Fyrrum Sovétríki,2015,0
Úkraína,2015,111
Kósovó,2015,39
Evrópa ótilgreint,2015,0
"Ríki í fyrrum Júgóslavíu, ótilgreint",2015,10
Júgóslavía (Serbía og Svartfjallaland),2015,0
Kanada,2015,85
Bandaríkin,2015,398
Antigua og Barbuda,2015,0
Argentína,2015,12
Barbados,2015,1
Bólivía,2015,2
Brasilía,2015,54
Bahamaeyjar,2015,1
Belize,2015,0
Chile,2015,14
Colombia,2015,22
Costa Rica,2015,3
Kúba,2015,21
Dóminíka,2015,1
Dóminíska lýðveldið,2015,9
Ekvador,2015,7
Grenada,2015,0
Guatemala,2015,2
Guyana,2015,0
Hondúras,2015,9
Haítí,2015,3
Jamaíka,2015,3
Sankti Kitts og Nevis,2015,0
Mexíkó,2015,29
Nicaragua,2015,0
Panama,2015,2
Perú,2015,18
Puerto Rico,2015,0
Paraguay,2015,1
Súrinam,2015,0
El Salvador,2015,3
Trínidad og Tóbagó,2015,1
Uruguay,2015,2
Sankti Vinsent og Grenadínur,2015,2
Venesúela,2015,7
Angóla,2015,2
Búrkína Fasó,2015,0
Benín,2015,1
Botswana,2015,0
"Kongó, Lýðstjórnarlýðveldið",2015,0
"Kongó, Lýðveldið",2015,0
Côte d'Ivoire (Fílabeinsströndin),2015,0
Kamerún,2015,4
Cabo Verde (Grænhöfðaeyjar),2015,7
Djibútí,2015,0
Alsír,2015,14
Egyptaland,2015,8
Vestur-Sahara,2015,0
Eritrea,2015,1
Eþíópía,2015,20
Gabon,2015,0
Ghana,2015,21
Gambía,2015,8
Gínea,2015,7
Miðbaugs-Gínea,2015,2
Gínea-Bissaú,2015,0
Kenya,2015,29
Sankti Lúsía,2015,1
Líbería,2015,1
Lesótó,2015,0
Líbía,2015,2
Marokkó,2015,52
Madagaskar,2015,0
Malí,2015,1
Máritanía,2015,0
Máritíus,2015,2
Malaví,2015,2
Mósambík,2015,6
Namibía,2015,5
Níger,2015,0
Nígería,2015,35
Rwanda,2015,2
Seychelles-eyjar,2015,0
Súdan,2015,0
Síerra Leóne,2015,6
Senegal,2015,9
Sómalía,2015,1
Suður-Súdan,2015,0
Chad,2015,0
Tógó,2015,0
Túnis,2015,11
Tansanía,2015,9
Úganda,2015,13
Suður-Afríka,2015,15
Zambia,2015,3
Saír,2015,0
Zimbabwe,2015,1
Afganistan,2015,10
Armenía,2015,3
Azerbaijan,2015,2
Bangladesh,2015,4
Kína,2015,174
Georgía,2015,2
Indónesía,2015,33
Ísrael,2015,5
Indland,2015,78
Írak,2015,6
Íran,2015,27
Jórdanía,2015,2
Japan,2015,61
Kyrgyzstan,2015,0
Kambódía,2015,0
"Kórea, Norður-",2015,0
"Kórea, Suður-",2015,8
Kasakstan,2015,4
Laos,2015,0
Líbanon,2015,2
Srí Lanka,2015,40
Myanmar,2015,0
Mongólía,2015,9
Maldívur,2015,0
Malasía,2015,18
Nepal,2015,26
Óman,2015,0
Filippseyjar,2015,389
Pakistan,2015,11
Palestína,2015,4
Sádi-Arabía,2015,1
Singapore,2015,3
Sýrland,2015,9
Thailand,2015,409
Tadsíkistan,2015,0
Tímor-Leste,2015,1
Túrkmenistan,2015,0
Tyrkland,2015,23
Taiwan,2015,1
Úsbekistan,2015,2
Víetnam,2015,181
Jemen,2015,0
Ástralía,2015,36
Fiji,2015,1
Naúrú,2015,0
Nýja-Sjáland,2015,13
Papúa Nýja-Gínea,2015,0
Salómonseyjar,2015,0
Tonga,2015,0
Vanúatú,2015,0
"Útlönd, ótilgreint land",2015,0
Ríkisfangslaus,2015,95
Ísland,2016,155406
Danmörk,2016,568
Finnland,2016,89
Noregur,2016,158
Svíþjóð,2016,255
Austurríki,2016,71
Belgía,2016,37
Búlgaría,2016,150
Kýpur,2016,0
Tékkland,2016,220
Þýskaland,2016,687
Eistland,2016,67
Spánn,2016,385
Frakkland,2016,306
Bretland,2016,551
Grikkland,2016,35
Ungverjaland,2016,184
Írland,2016,61
Ítalía,2016,201
Litháen (Lietuva),2016,1276
Lúxemborg,2016,2
Lettland,2016,557
Malta,2016,5
Holland (Niðurland),2016,133
Pólland,2016,8502
Portúgal,2016,474
Rúmenía,2016,340
Slóvenía,2016,18
Slóvakía,2016,205
Andorra,2016,0
Albanía,2016,18
Bosnia og Herzegovina,2016,20
Hvíta-Rússland,2016,14
Sviss,2016,56
Serbía og Svartfjallaland,2016,0
Króatía,2016,38
Liechtenstein,2016,2
Moldóva,2016,3
Montenegró (Svartfjallaland),2016,4
Norður Makedónía,2016,13
Serbía,2016,52
Rússland,2016,111
San Marínó,2016,0
Fyrrum Sovétríki,2016,0
Úkraína,2016,115
Kósovó,2016,35
Evrópa ótilgreint,2016,0
"Ríki í fyrrum Júgóslavíu, ótilgreint",2016,8
Júgóslavía (Serbía og Svartfjallaland),2016,0
Kanada,2016,99
Bandaríkin,2016,434
Antigua og Barbuda,2016,1
Argentína,2016,17
Barbados,2016,1
Bólivía,2016,2
Brasilía,2016,55
Bahamaeyjar,2016,2
Belize,2016,0
Chile,2016,11
Colombia,2016,26
Costa Rica,2016,3
Kúba,2016,18
Dóminíka,2016,2
Dóminíska lýðveldið,2016,10
Ekvador,2016,8
Grenada,2016,0
Guatemala,2016,4
Guyana,2016,1
Hondúras,2016,8
Haítí,2016,3
Jamaíka,2016,4
Sankti Kitts og Nevis,2016,0
Mexíkó,2016,35
Nicaragua,2016,0
Panama,2016,1
Perú,2016,17
Puerto Rico,2016,0
Paraguay,2016,1
Súrinam,2016,0
El Salvador,2016,1
Trínidad og Tóbagó,2016,4
Uruguay,2016,2
Sankti Vinsent og Grenadínur,2016,1
Venesúela,2016,7
Angóla,2016,2
Búrkína Fasó,2016,0
Benín,2016,0
Botswana,2016,0
"Kongó, Lýðstjórnarlýðveldið",2016,0
"Kongó, Lýðveldið",2016,0
Côte d'Ivoire (Fílabeinsströndin),2016,0
Kamerún,2016,5
Cabo Verde (Grænhöfðaeyjar),2016,8
Djibútí,2016,2
Alsír,2016,17
Egyptaland,2016,10
Vestur-Sahara,2016,0
Eritrea,2016,2
Eþíópía,2016,19
Gabon,2016,0
Ghana,2016,28
Gambía,2016,8
Gínea,2016,6
Miðbaugs-Gínea,2016,1
Gínea-Bissaú,2016,0
Kenya,2016,30
Sankti Lúsía,2016,1
Líbería,2016,1
Lesótó,2016,0
Líbía,2016,3
Marokkó,2016,54
Madagaskar,2016,0
Malí,2016,2
Máritanía,2016,0
Máritíus,2016,2
Malaví,2016,2
Mósambík,2016,6
Namibía,2016,8
Níger,2016,0
Nígería,2016,45
Rwanda,2016,1
Seychelles-eyjar,2016,0
Súdan,2016,1
Síerra Leóne,2016,5
Senegal,2016,10
Sómalía,2016,3
Suður-Súdan,2016,0
Chad,2016,0
Tógó,2016,0
Túnis,2016,14
Tansanía,2016,7
Úganda,2016,17
Suður-Afríka,2016,15
Zambia,2016,2
Saír,2016,0
Zimbabwe,2016,2
Afganistan,2016,11
Armenía,2016,3
Azerbaijan,2016,2
Bangladesh,2016,3
Kína,2016,187
Georgía,2016,4
Indónesía,2016,31
Ísrael,2016,8
Indland,2016,77
Írak,2016,7
Íran,2016,35
Jórdanía,2016,2
Japan,2016,63
Kyrgyzstan,2016,0
Kambódía,2016,0
"Kórea, Norður-",2016,0
"Kórea, Suður-",2016,7
Kasakstan,2016,3
Laos,2016,0
Líbanon,2016,5
Srí Lanka,2016,35
Myanmar,2016,0
Mongólía,2016,10
Maldívur,2016,0
Malasía,2016,19
Nepal,2016,19
Óman,2016,0
Filippseyjar,2016,400
Pakistan,2016,16
Palestína,2016,6
Sádi-Arabía,2016,1
Singapore,2016,3
Sýrland,2016,24
Thailand,2016,401
Tadsíkistan,2016,0
Tímor-Leste,2016,0
Túrkmenistan,2016,0
Tyrkland,2016,19
Taiwan,2016,0
Úsbekistan,2016,3
Víetnam,2016,187
Jemen,2016,0
Ástralía,2016,46
Fiji,2016,1
Naúrú,2016,0
Nýja-Sjáland,2016,15
Papúa Nýja-Gínea,2016,0
Salómonseyjar,2016,0
Tonga,2016,0
Vanúatú,2016,0
"Útlönd, ótilgreint land",2016,0
Ríkisfangslaus,2016,92
Ísland,2017,156165
Danmörk,2017,572
Finnland,2017,105
Noregur,2017,164
Svíþjóð,2017,249
Austurríki,2017,76
Belgía,2017,53
Búlgaría,2017,211
Kýpur,2017,1
Tékkland,2017,289
Þýskaland,2017,757
Eistland,2017,75
Spánn,2017,478
Frakkland,2017,335
Bretland,2017,639
Grikkland,2017,55
Ungverjaland,2017,246
Írland,2017,69
Ítalía,2017,231
Litháen (Lietuva),2017,1758
Lúxemborg,2017,3
Lettland,2017,624
Malta,2017,5
Holland (Niðurland),2017,152
Pólland,2017,10096
Portúgal,2017,606
Rúmenía,2017,497
Slóvenía,2017,26
Slóvakía,2017,288
Andorra,2017,0
Albanía,2017,39
Bosnia og Herzegovina,2017,21
Hvíta-Rússland,2017,15
Sviss,2017,57
Serbía og Svartfjallaland,2017,0
Króatía,2017,131
Liechtenstein,2017,1
Moldóva,2017,4
Montenegró (Svartfjallaland),2017,2
Norður Makedónía,2017,17
Serbía,2017,60
Rússland,2017,140
San Marínó,2017,0
Fyrrum Sovétríki,2017,0
Úkraína,2017,129
Kósovó,2017,31
Evrópa ótilgreint,2017,0
"Ríki í fyrrum Júgóslavíu, ótilgreint",2017,7
Júgóslavía (Serbía og Svartfjallaland),2017,0
Kanada,2017,115
Bandaríkin,2017,494
Antigua og Barbuda,2017,0
Argentína,2017,19
Barbados,2017,1
Bólivía,2017,3
Brasilía,2017,60
Bahamaeyjar,2017,1
Belize,2017,0
Chile,2017,15
Colombia,2017,37
Costa Rica,2017,7
Kúba,2017,18
Dóminíka,2017,1
Dóminíska lýðveldið,2017,13
Ekvador,2017,10
Grenada,2017,0
Guatemala,2017,4
Guyana,2017,1
Hondúras,2017,16
Haítí,2017,4
Jamaíka,2017,2
Sankti Kitts og Nevis,2017,0
Mexíkó,2017,51
Nicaragua,2017,0
Panama,2017,1
Perú,2017,18
Puerto Rico,2017,0
Paraguay,2017,1
Súrinam,2017,1
El Salvador,2017,6
Trínidad og Tóbagó,2017,4
Uruguay,2017,2
Sankti Vinsent og Grenadínur,2017,2
Venesúela,2017,10
Angóla,2017,3
Búrkína Fasó,2017,0
Benín,2017,0
Botswana,2017,0
"Kongó, Lýðstjórnarlýðveldið",2017,0
"Kongó, Lýðveldið",2017,0
Côte d'Ivoire (Fílabeinsströndin),2017,2
Kamerún,2017,7
Cabo Verde (Grænhöfðaeyjar),2017,10
Djibútí,2017,1
Alsír,2017,21
Egyptaland,2017,11
Vestur-Sahara,2017,0
Eritrea,2017,2
Eþíópía,2017,21
Gabon,2017,0
Ghana,2017,31
Gambía,2017,10
Gínea,2017,8
Miðbaugs-Gínea,2017,2
Gínea-Bissaú,2017,1
Kenya,2017,30
Sankti Lúsía,2017,1
Líbería,2017,2
Lesótó,2017,0
Líbía,2017,5
Marokkó,2017,56
Madagaskar,2017,0
Malí,2017,2
Máritanía,2017,1
Máritíus,2017,3
Malaví,2017,1
Mósambík,2017,6
Namibía,2017,11
Níger,2017,0
Nígería,2017,48
Rwanda,2017,1
Seychelles-eyjar,2017,0
Súdan,2017,1
Síerra Leóne,2017,5
Senegal,2017,8
Sómalía,2017,5
Suður-Súdan,2017,0
Chad,2017,0
Tógó,2017,1
Túnis,2017,14
Tansanía,2017,5
Úganda,2017,15
Suður-Afríka,2017,20
Zambia,2017,2
Saír,2017,0
Zimbabwe,2017,2
Afganistan,2017,18
Armenía,2017,3
Azerbaijan,2017,2
Bangladesh,2017,2
Kína,2017,190
Georgía,2017,5
Indónesía,2017,32
Ísrael,2017,9
Indland,2017,87
Írak,2017,29
Íran,2017,57
Jórdanía,2017,3
Japan,2017,58
Kyrgyzstan,2017,0
Kambódía,2017,0
"Kórea, Norður-",2017,0
"Kórea, Suður-",2017,9
Kasakstan,2017,6
Laos,2017,0
Líbanon,2017,4
Srí Lanka,2017,35
Myanmar,2017,1
Mongólía,2017,9
Maldívur,2017,0
Malasía,2017,20
Nepal,2017,22
Óman,2017,0
Filippseyjar,2017,438
Pakistan,2017,22
Palestína,2017,12
Sádi-Arabía,2017,0
Singapore,2017,3
Sýrland,2017,70
Thailand,2017,399
Tadsíkistan,2017,1
Tímor-Leste,2017,0
Túrkmenistan,2017,0
Tyrkland,2017,21
Taiwan,2017,0
Úsbekistan,2017,2
Víetnam,2017,211
Jemen,2017,1
Ástralía,2017,42
Fiji,2017,0
Naúrú,2017,0
Nýja-Sjáland,2017,20
Papúa Nýja-Gínea,2017,0
Salómonseyjar,2017,0
Tonga,2017,0
Vanúatú,2017,0
"Útlönd, ótilgreint land",2017,0
Ríkisfangslaus,2017,68
Ísland,2018,156854
Danmörk,2018,609
Finnland,2018,98
Noregur,2018,180
Svíþjóð,2018,286
Austurríki,2018,82
Belgía,2018,63
Búlgaría,2018,252
Kýpur,2018,6
Tékkland,2018,431
Þýskaland,2018,833
Eistland,2018,98
Spánn,2018,617
Frakkland,2018,416
Bretland,2018,699
Grikkland,2018,110
Ungverjaland,2018,360
Írland,2018,76
Ítalía,2018,317
Litháen (Lietuva),2018,2578
Lúxemborg,2018,5
Lettland,2018,1087
Malta,2018,6
Holland (Niðurland),2018,170
Pólland,2018,12702
Portúgal,2018,746
Rúmenía,2018,829
Slóvenía,2018,42
Slóvakía,2018,343
Andorra,2018,1
Albanía,2018,68
Bosnia og Herzegovina,2018,59
Hvíta-Rússland,2018,19
Sviss,2018,69
Serbía og Svartfjallaland,2018,0
Króatía,2018,324
Liechtenstein,2018,1
Moldóva,2018,8
Montenegró (Svartfjallaland),2018,4
Norður Makedónía,2018,20
Serbía,2018,87
Rússland,2018,137
San Marínó,2018,1
Fyrrum Sovétríki,2018,0
Úkraína,2018,140
Kósovó,2018,35
Evrópa ótilgreint,2018,0
"Ríki í fyrrum Júgóslavíu, ótilgreint",2018,8
Júgóslavía (Serbía og Svartfjallaland),2018,0
Kanada,2018,117
Bandaríkin,2018,539
Antigua og Barbuda,2018,0
Argentína,2018,21
Barbados,2018,1
Bólivía,2018,3
Brasilía,2018,65
Bahamaeyjar,2018,2
Belize,2018,0
Chile,2018,16
Colombia,2018,36
Costa Rica,2018,8
Kúba,2018,16
Dóminíka,2018,1
Dóminíska lýðveldið,2018,14
Ekvador,2018,11
Grenada,2018,0
Guatemala,2018,3
Guyana,2018,1
Hondúras,2018,18
Haítí,2018,5
Jamaíka,2018,3
Sankti Kitts og Nevis,2018,0
Mexíkó,2018,58
Nicaragua,2018,1
Panama,2018,2
Perú,2018,22
Puerto Rico,2018,0
Paraguay,2018,1
Súrinam,2018,1
El Salvador,2018,8
Trínidad og Tóbagó,2018,3
Uruguay,2018,2
Sankti Vinsent og Grenadínur,2018,3
Venesúela,2018,19
Angóla,2018,2
Búrkína Fasó,2018,0
Benín,2018,0
Botswana,2018,0
"Kongó, Lýðstjórnarlýðveldið",2018,0
"Kongó, Lýðveldið",2018,0
Côte d'Ivoire (Fílabeinsströndin),2018,1
Kamerún,2018,5
Cabo Verde (Grænhöfðaeyjar),2018,9
Djibútí,2018,1
Alsír,2018,21
Egyptaland,2018,10
Vestur-Sahara,2018,0
Eritrea,2018,4
Eþíópía,2018,25
Gabon,2018,0
Ghana,2018,50
Gambía,2018,9
Gínea,2018,6
Miðbaugs-Gínea,2018,2
Gínea-Bissaú,2018,1
Kenya,2018,30
Sankti Lúsía,2018,2
Líbería,2018,4
Lesótó,2018,0
Líbía,2018,4
Marokkó,2018,65
Madagaskar,2018,0
Malí,2018,3
Máritanía,2018,1
Máritíus,2018,4
Malaví,2018,0
Mósambík,2018,4
Namibía,2018,9
Níger,2018,0
Nígería,2018,67
Rwanda,2018,1
Seychelles-eyjar,2018,0
Súdan,2018,2
Síerra Leóne,2018,5
Senegal,2018,8
Sómalía,2018,8
Suður-Súdan,2018,0
Chad,2018,2
Tógó,2018,2
Túnis,2018,16
Tansanía,2018,5
Úganda,2018,20
Suður-Afríka,2018,17
Zambia,2018,1
Saír,2018,0
Zimbabwe,2018,2
Afganistan,2018,37
Armenía,2018,2
Azerbaijan,2018,2
Bangladesh,2018,3
Kína,2018,222
Georgía,2018,14
Indónesía,2018,36
Ísrael,2018,7
Indland,2018,87
Írak,2018,52
Íran,2018,57
Jórdanía,2018,3
Japan,2018,70
Kyrgyzstan,2018,0
Kambódía,2018,0
"Kórea, Norður-",2018,0
"Kórea, Suður-",2018,12
Kasakstan,2018,5
Laos,2018,0
Líbanon,2018,4
Srí Lanka,2018,37
Myanmar,2018,3
Mongólía,2018,9
Maldívur,2018,0
Malasía,2018,22
Nepal,2018,25
Óman,2018,0
Filippseyjar,2018,538
Pakistan,2018,38
Palestína,2018,15
Sádi-Arabía,2018,0
Singapore,2018,4
Sýrland,2018,97
Thailand,2018,426
Tadsíkistan,2018,1
Tímor-Leste,2018,0
Túrkmenistan,2018,0
Tyrkland,2018,24
Taiwan,2018,0
Úsbekistan,2018,3
Víetnam,2018,236
Jemen,2018,0
Ástralía,2018,51
Fiji,2018,0
Naúrú,2018,0
Nýja-Sjáland,2018,25
Papúa Nýja-Gínea,2018,0
Salómonseyjar,2018,0
Tonga,2018,0
Vanúatú,2018,0
"Útlönd, ótilgreint land",2018,0
Ríkisfangslaus,2018,52
Ísland,2019,157097
Danmörk,2019,609
Finnland,2019,116
Noregur,2019,197
Svíþjóð,2019,305
Austurríki,2019,81
Belgía,2019,72
Búlgaría,2019,303
Kýpur,2019,6
Tékkland,2019,594
Þýskaland,2019,891
Eistland,2019,100
Spánn,2019,695
Frakkland,2019,477
Bretland,2019,758
Grikkland,2019,161
Ungverjaland,2019,362
Írland,2019,81
Ítalía,2019,365
Litháen (Lietuva),2019,3093
Lúxemborg,2019,4
Lettland,2019,1343
Malta,2019,9
Holland (Niðurland),2019,190
Pólland,2019,14316
Portúgal,2019,926
Rúmenía,2019,1168
Slóvenía,2019,51
Slóvakía,2019,370
Andorra,2019,0
Albanía,2019,99
Bosnia og Herzegovina,2019,43
Hvíta-Rússland,2019,22
Sviss,2019,74
Serbía og Svartfjallaland,2019,0
Króatía,2019,520
Liechtenstein,2019,1
Moldóva,2019,11
Montenegró (Svartfjallaland),2019,6
Norður Makedónía,2019,29
Serbía,2019,119
Rússland,2019,147
San Marínó,2019,1
Fyrrum Sovétríki,2019,0
Úkraína,2019,155
Kósovó,2019,40
Evrópa ótilgreint,2019,0
"Ríki í fyrrum Júgóslavíu, ótilgreint",2019,9
Júgóslavía (Serbía og Svartfjallaland),2019,0
Kanada,2019,135
Bandaríkin,2019,602
Antigua og Barbuda,2019,0
Argentína,2019,23
Barbados,2019,1
Bólivía,2019,1
Brasilía,2019,68
Bahamaeyjar,2019,1
Belize,2019,0
Chile,2019,18
Colombia,2019,48
Costa Rica,2019,8
Kúba,2019,15
Dóminíka,2019,1
Dóminíska lýðveldið,2019,15
Ekvador,2019,13
Grenada,2019,1
Guatemala,2019,3
Guyana,2019,3
Hondúras,2019,23
Haítí,2019,3
Jamaíka,2019,2
Sankti Kitts og Nevis,2019,0
Mexíkó,2019,67
Nicaragua,2019,0
Panama,2019,3
Perú,2019,23
Puerto Rico,2019,0
Paraguay,2019,2
Súrinam,2019,1
El Salvador,2019,11
Trínidad og Tóbagó,2019,4
Uruguay,2019,2
Sankti Vinsent og Grenadínur,2019,0
Venesúela,2019,32
Angóla,2019,1
Búrkína Fasó,2019,1
Benín,2019,0
Botswana,2019,0
"Kongó, Lýðstjórnarlýðveldið",2019,1
"Kongó, Lýðveldið",2019,0
Côte d'Ivoire (Fílabeinsströndin),2019,2
Kamerún,2019,4
Cabo Verde (Grænhöfðaeyjar),2019,14
Djibútí,2019,0
Alsír,2019,26
Egyptaland,2019,11
Vestur-Sahara,2019,1
Eritrea,2019,4
Eþíópía,2019,27
Gabon,2019,0
Ghana,2019,61
Gambía,2019,10
Gínea,2019,8
Miðbaugs-Gínea,2019,1
Gínea-Bissaú,2019,0
Kenya,2019,34
Sankti Lúsía,2019,1
Líbería,2019,6
Lesótó,2019,0
Líbía,2019,2
Marokkó,2019,73
Madagaskar,2019,0
Malí,2019,3
Máritanía,2019,1
Máritíus,2019,3
Malaví,2019,0
Mósambík,2019,5
Namibía,2019,10
Níger,2019,0
Nígería,2019,69
Rwanda,2019,1
Seychelles-eyjar,2019,0
Súdan,2019,3
Síerra Leóne,2019,8
Senegal,2019,9
Sómalía,2019,16
Suður-Súdan,2019,2
Chad,2019,2
Tógó,2019,2
Túnis,2019,18
Tansanía,2019,5
Úganda,2019,23
Suður-Afríka,2019,20
Zambia,2019,3
Saír,2019,0
Zimbabwe,2019,2
Afganistan,2019,51
Armenía,2019,3
Azerbaijan,2019,4
Bangladesh,2019,10
Kína,2019,251
Georgía,2019,25
Indónesía,2019,33
Ísrael,2019,8
Indland,2019,100
Írak,2019,97
Íran,2019,84
Jórdanía,2019,4
Japan,2019,59
Kyrgyzstan,2019,1
Kambódía,2019,0
"Kórea, Norður-",2019,0
"Kórea, Suður-",2019,15
Kasakstan,2019,7
Laos,2019,0
Líbanon,2019,6
Srí Lanka,2019,38
Myanmar,2019,4
Mongólía,2019,10
Maldívur,2019,0
Malasía,2019,23
Nepal,2019,30
Óman,2019,0
Filippseyjar,2019,708
Pakistan,2019,48
Palestína,2019,20
Sádi-Arabía,2019,0
Singapore,2019,7
Sýrland,2019,99
Thailand,2019,442
Tadsíkistan,2019,1
Tímor-Leste,2019,0
Túrkmenistan,2019,0
Tyrkland,2019,29
Taiwan,2019,0
Úsbekistan,2019,3
Víetnam,2019,261
Jemen,2019,2
Ástralía,2019,46
Fiji,2019,1
Naúrú,2019,0
Nýja-Sjáland,2019,22
Papúa Nýja-Gínea,2019,1
Salómonseyjar,2019,0
Tonga,2019,0
Vanúatú,2019,0
"Útlönd, ótilgreint land",2019,0
Ríkisfangslaus,2019,34
Ísland,2020,156810
Danmörk,2020,587
Finnland,2020,106
Noregur,2020,181
Svíþjóð,2020,284
Austurríki,2020,87
Belgía,2020,69
Búlgaría,2020,343
Kýpur,2020,5
Tékkland,2020,643
Þýskaland,2020,884
Eistland,2020,89
Spánn,2020,809
Frakkland,2020,489
Bretland,2020,836
Grikkland,2020,202
Ungverjaland,2020,400
Írland,2020,95
Ítalía,2020,409
Litháen (Lietuva),2020,3260
Lúxemborg,2020,8
Lettland,2020,1339
Malta,2020,10
Holland (Niðurland),2020,204
Pólland,2020,14760
Portúgal,2020,958
Rúmenía,2020,1442
Slóvenía,2020,71
Slóvakía,2020,382
Andorra,2020,1
Albanía,2020,119
Bosnia og Herzegovina,2020,68
Hvíta-Rússland,2020,25
Sviss,2020,70
Serbía og Svartfjallaland,2020,0
Króatía,2020,628
Liechtenstein,2020,1
Moldóva,2020,13
Montenegró (Svartfjallaland),2020,10
Norður Makedónía,2020,30
Serbía,2020,119
Rússland,2020,173
San Marínó,2020,1
Fyrrum Sovétríki,2020,0
Úkraína,2020,166
Kósovó,2020,46
Evrópa ótilgreint,2020,0
"Ríki í fyrrum Júgóslavíu, ótilgreint",2020,7
Júgóslavía (Serbía og Svartfjallaland),2020,0
Kanada,2020,127
Bandaríkin,2020,643
Antigua og Barbuda,2020,0
Argentína,2020,20
Barbados,2020,1
Bólivía,2020,3
Brasilía,2020,82
Bahamaeyjar,2020,0
Belize,2020,1
Chile,2020,26
Colombia,2020,58
Costa Rica,2020,7
Kúba,2020,16
Dóminíka,2020,0
Dóminíska lýðveldið,2020,15
Ekvador,2020,9
Grenada,2020,0
Guatemala,2020,5
Guyana,2020,4
Hondúras,2020,24
Haítí,2020,2
Jamaíka,2020,3
Sankti Kitts og Nevis,2020,0
Mexíkó,2020,69
Nicaragua,2020,1
Panama,2020,3
Perú,2020,22
Puerto Rico,2020,0
Paraguay,2020,3
Súrinam,2020,0
El Salvador,2020,15
Trínidad og Tóbagó,2020,4
Uruguay,2020,3
Sankti Vinsent og Grenadínur,2020,0
Venesúela,2020,128
Angóla,2020,2
Búrkína Fasó,2020,1
Benín,2020,0
Botswana,2020,1
"Kongó, Lýðstjórnarlýðveldið",2020,1
"Kongó, Lýðveldið",2020,4
Côte d'Ivoire (Fílabeinsströndin),2020,3
Kamerún,2020,7
Cabo Verde (Grænhöfðaeyjar),2020,10
Djibútí,2020,1
Alsír,2020,28
Egyptaland,2020,16
Vestur-Sahara,2020,1
Eritrea,2020,3
Eþíópía,2020,29
Gabon,2020,0
Ghana,2020,77
Gambía,2020,10
Gínea,2020,11
Miðbaugs-Gínea,2020,1
Gínea-Bissaú,2020,0
Kenya,2020,37
Sankti Lúsía,2020,2
Líbería,2020,4
Lesótó,2020,0
Líbía,2020,4
Marokkó,2020,77
Madagaskar,2020,0
Malí,2020,2
Máritanía,2020,0
Máritíus,2020,3
Malaví,2020,3
Mósambík,2020,3
Namibía,2020,9
Níger,2020,0
Nígería,2020,82
Rwanda,2020,2
Seychelles-eyjar,2020,0
Súdan,2020,6
Síerra Leóne,2020,8
Senegal,2020,11
Sómalía,2020,29
Suður-Súdan,2020,2
Chad,2020,2
Tógó,2020,2
Túnis,2020,20
Tansanía,2020,9
Úganda,2020,44
Suður-Afríka,2020,19
Zambia,2020,4
Saír,2020,0
Zimbabwe,2020,3
Afganistan,2020,77
Armenía,2020,2
Azerbaijan,2020,5
Bangladesh,2020,22
Kína,2020,266
Georgía,2020,31
Indónesía,2020,43
Ísrael,2020,5
Indland,2020,106
Írak,2020,135
Íran,2020,119
Jórdanía,2020,6
Japan,2020,68
Kyrgyzstan,2020,1
Kambódía,2020,0
"Kórea, Norður-",2020,0
"Kórea, Suður-",2020,15
Kasakstan,2020,8
Laos,2020,0
Líbanon,2020,5
Srí Lanka,2020,37
Myanmar,2020,2
Mongólía,2020,9
Maldívur,2020,1
Malasía,2020,20
Nepal,2020,31
Óman,2020,0
Filippseyjar,2020,767
Pakistan,2020,53
Palestína,2020,35
Sádi-Arabía,2020,0
Singapore,2020,10
Sýrland,2020,139
Thailand,2020,450
Tadsíkistan,2020,2
Tímor-Leste,2020,0
Túrkmenistan,2020,0
Tyrkland,2020,35
Taiwan,2020,0
Úsbekistan,2020,1
Víetnam,2020,284
Jemen,2020,4
Ástralía,2020,49
Fiji,2020,1
Naúrú,2020,0
Nýja-Sjáland,2020,17
Papúa Nýja-Gínea,2020,0
Salómonseyjar,2020,0
Tonga,2020,0
Vanúatú,2020,0
"Útlönd, ótilgreint land",2020,0
Ríkisfangslaus,2020,38
Ísland,2021,157520
Danmörk,2021,567
Finnland,2021,105
Noregur,2021,173
Svíþjóð,2021,274
Austurríki,2021,82
Belgía,2021,67
Búlgaría,2021,355
Kýpur,2021,8
Tékkland,2021,550
Þýskaland,2021,914
Eistland,2021,108
Spánn,2021,823
Frakkland,2021,499
Bretland,2021,854
Grikkland,2021,209
Ungverjaland,2021,420
Írland,2021,110
Ítalía,2021,427
Litháen (Lietuva),2021,3190
Lúxemborg,2021,6
Lettland,2021,1416
Malta,2021,11
Holland (Niðurland),2021,205
Pólland,2021,14487
Portúgal,2021,929
Rúmenía,2021,1514
Slóvenía,2021,67
Slóvakía,2021,322
Andorra,2021,0
Albanía,2021,141
Bosnia og Herzegovina,2021,72
Hvíta-Rússland,2021,25
Sviss,2021,68
Serbía og Svartfjallaland,2021,0
Króatía,2021,634
Liechtenstein,2021,1
Moldóva,2021,14
Montenegró (Svartfjallaland),2021,11
Norður Makedónía,2021,38
Serbía,2021,127
Rússland,2021,182
San Marínó,2021,1
Fyrrum Sovétríki,2021,0
Úkraína,2021,173
Kósovó,2021,50
Evrópa ótilgreint,2021,0
"Ríki í fyrrum Júgóslavíu, ótilgreint",2021,7
Júgóslavía (Serbía og Svartfjallaland),2021,0
Kanada,2021,124
Bandaríkin,2021,661
Antigua og Barbuda,2021,0
Argentína,2021,24
Barbados,2021,1
Bólivía,2021,3
Brasilía,2021,96
Bahamaeyjar,2021,1
Belize,2021,1
Chile,2021,31
Colombia,2021,72
Costa Rica,2021,7
Kúba,2021,15
Dóminíka,2021,0
Dóminíska lýðveldið,2021,13
Ekvador,2021,10
Grenada,2021,0
Guatemala,2021,9
Guyana,2021,4
Hondúras,2021,29
Haítí,2021,2
Jamaíka,2021,5
Sankti Kitts og Nevis,2021,0
Mexíkó,2021,73
Nicaragua,2021,3
Panama,2021,2
Perú,2021,24
Puerto Rico,2021,0
Paraguay,2021,1
Súrinam,2021,0
El Salvador,2021,17
Trínidad og Tóbagó,2021,4
Uruguay,2021,3
Sankti Vinsent og Grenadínur,2021,0
Venesúela,2021,250
Angóla,2021,2
Búrkína Fasó,2021,2
Benín,2021,0
Botswana,2021,1
"Kongó, Lýðstjórnarlýðveldið",2021,3
"Kongó, Lýðveldið",2021,4
Côte d'Ivoire (Fílabeinsströndin),2021,4
Kamerún,2021,9
Cabo Verde (Grænhöfðaeyjar),2021,9
Djibútí,2021,1
Alsír,2021,31
Egyptaland,2021,22
Vestur-Sahara,2021,1
Eritrea,2021,3
Eþíópía,2021,31
Gabon,2021,0
Ghana,2021,83
Gambía,2021,8
Gínea,2021,12
Miðbaugs-Gínea,2021,1
Gínea-Bissaú,2021,0
Kenya,2021,41
Sankti Lúsía,2021,0
Líbería,2021,2
Lesótó,2021,0
Líbía,2021,4
Marokkó,2021,93
Madagaskar,2021,0
Malí,2021,4
Máritanía,2021,1
Máritíus,2021,3
Malaví,2021,2
Mósambík,2021,5
Namibía,2021,9
Níger,2021,0
Nígería,2021,106
Rwanda,2021,2
Seychelles-eyjar,2021,0
Súdan,2021,8
Síerra Leóne,2021,5
Senegal,2021,12
Sómalía,2021,54
Suður-Súdan,2021,2
Chad,2021,2
Tógó,2021,2
Túnis,2021,25
Tansanía,2021,7
Úganda,2021,50
Suður-Afríka,2021,18
Zambia,2021,4
Saír,2021,0
Zimbabwe,2021,3
Afganistan,2021,110
Armenía,2021,2
Azerbaijan,2021,8
Bangladesh,2021,7
Kína,2021,264
Georgía,2021,38
Indónesía,2021,44
Ísrael,2021,6
Indland,2021,137
Írak,2021,197
Íran,2021,143
Jórdanía,2021,6
Japan,2021,57
Kyrgyzstan,2021,3
Kambódía,2021,0
"Kórea, Norður-",2021,0
"Kórea, Suður-",2021,18
Kasakstan,2021,9
Laos,2021,0
Líbanon,2021,7
Srí Lanka,2021,39
Myanmar,2021,3
Mongólía,2021,9
Maldívur,2021,1
Malasía,2021,20
Nepal,2021,25
Óman,2021,0
Filippseyjar,2021,824
Pakistan,2021,61
Palestína,2021,70
Sádi-Arabía,2021,0
Singapore,2021,10
Sýrland,2021,165
Thailand,2021,454
Tadsíkistan,2021,3
Tímor-Leste,2021,0
Túrkmenistan,2021,0
Tyrkland,2021,46
Taiwan,2021,0
Úsbekistan,2021,1
Víetnam,2021,335
Jemen,2021,6
Ástralía,2021,48
Fiji,2021,1
Naúrú,2021,0
Nýja-Sjáland,2021,15
Papúa Nýja-Gínea,2021,0
Salómonseyjar,2021,0
Tonga,2021,0
Vanúatú,2021,0
"Útlönd, ótilgreint land",2021,0
Ríkisfangslaus,2021,32
Ísland,2022,158470
Danmörk,2022,586
Finnland,2022,109
Noregur,2022,198
Svíþjóð,2022,296
Austurríki,2022,105
Belgía,2022,74
Búlgaría,2022,348
Kýpur,2022,8
Tékkland,2022,607
Þýskaland,2022,979
Eistland,2022,127
Spánn,2022,983
Frakkland,2022,549
Bretland,2022,801
Grikkland,2022,291
Ungverjaland,2022,456
Írland,2022,116
Ítalía,2022,583
Litháen (Lietuva),2022,3259
Lúxemborg,2022,6
Lettland,2022,1539
Malta,2022,17
Holland (Niðurland),2022,224
Pólland,2022,14621
Portúgal,2022,1002
Rúmenía,2022,1847
Slóvenía,2022,72
Slóvakía,2022,386
Andorra,2022,0
Albanía,2022,158
Bosnia og Herzegovina,2022,92
Hvíta-Rússland,2022,24
Sviss,2022,77
Serbía og Svartfjallaland,2022,0
Króatía,2022,677
Liechtenstein,2022,1
Moldóva,2022,15
Montenegró (Svartfjallaland),2022,10
Norður Makedónía,2022,34
Serbía,2022,128
Rússland,2022,185
San Marínó,2022,1
Fyrrum Sovétríki,2022,0
Úkraína,2022,166
Kósovó,2022,51
Evrópa ótilgreint,2022,0
"Ríki í fyrrum Júgóslavíu, ótilgreint",2022,4
Júgóslavía (Serbía og Svartfjallaland),2022,0
Kanada,2022,136
Bandaríkin,2022,786
Antigua og Barbuda,2022,0
Argentína,2022,27
Barbados,2022,1
Bólivía,2022,2
Brasilía,2022,110
Bahamaeyjar,2022,2
Belize,2022,0
Chile,2022,35
Colombia,2022,78
Costa Rica,2022,7
Kúba,2022,15
Dóminíka,2022,0
Dóminíska lýðveldið,2022,12
Ekvador,2022,12
Grenada,2022,0
Guatemala,2022,11
Guyana,2022,1
Hondúras,2022,25
Haítí,2022,4
Jamaíka,2022,4
Sankti Kitts og Nevis,2022,0
Mexíkó,2022,84
Nicaragua,2022,5
Panama,2022,1
Perú,2022,26
Puerto Rico,2022,0
Paraguay,2022,2
Súrinam,2022,0
El Salvador,2022,23
Trínidad og Tóbagó,2022,7
Uruguay,2022,5
Sankti Vinsent og Grenadínur,2022,0
Venesúela,2022,347
Angóla,2022,1
Búrkína Fasó,2022,2
Benín,2022,0
Botswana,2022,0
"Kongó, Lýðstjórnarlýðveldið",2022,3
"Kongó, Lýðveldið",2022,4
Côte d'Ivoire (Fílabeinsströndin),2022,4
Kamerún,2022,10
Cabo Verde (Grænhöfðaeyjar),2022,10
Djibútí,2022,3
Alsír,2022,23
Egyptaland,2022,26
Vestur-Sahara,2022,1
Eritrea,2022,1
Eþíópía,2022,35
Gabon,2022,1
Ghana,2022,95
Gambía,2022,9
Gínea,2022,11
Miðbaugs-Gínea,2022,1
Gínea-Bissaú,2022,0
Kenya,2022,50
Sankti Lúsía,2022,1
Líbería,2022,3
Lesótó,2022,0
Líbía,2022,6
Marokkó,2022,97
Madagaskar,2022,0
Malí,2022,3
Máritanía,2022,2
Máritíus,2022,3
Malaví,2022,8
Mósambík,2022,6
Namibía,2022,12
Níger,2022,0
Nígería,2022,128
Rwanda,2022,2
Seychelles-eyjar,2022,1
Súdan,2022,7
Síerra Leóne,2022,9
Senegal,2022,16
Sómalía,2022,76
Suður-Súdan,2022,3
Chad,2022,4
Tógó,2022,2
Túnis,2022,27
Tansanía,2022,12
Úganda,2022,51
Suður-Afríka,2022,22
Zambia,2022,3
Saír,2022,0
Zimbabwe,2022,3
Afganistan,2022,141
Armenía,2022,2
Azerbaijan,2022,7
Bangladesh,2022,12
Kína,2022,281
Georgía,2022,46
Indónesía,2022,50
Ísrael,2022,6
Indland,2022,215
Írak,2022,213
Íran,2022,152
Jórdanía,2022,8
Japan,2022,61
Kyrgyzstan,2022,3
Kambódía,2022,0
"Kórea, Norður-",2022,0
"Kórea, Suður-",2022,22
Kasakstan,2022,9
Laos,2022,1
Líbanon,2022,6
Srí Lanka,2022,40
Myanmar,2022,3
Mongólía,2022,9
Maldívur,2022,1
Malasía,2022,23
Nepal,2022,26
Óman,2022,0
Filippseyjar,2022,862
Pakistan,2022,74
Palestína,2022,110
Sádi-Arabía,2022,0
Singapore,2022,12
Sýrland,2022,198
Thailand,2022,443
Tadsíkistan,2022,3
Tímor-Leste,2022,0
Túrkmenistan,2022,0
Tyrkland,2022,43
Taiwan,2022,0
Úsbekistan,2022,1
Víetnam,2022,341
Jemen,2022,11
Ástralía,2022,58
Fiji,2022,1
Naúrú,2022,0
Nýja-Sjáland,2022,16
Papúa Nýja-Gínea,2022,3
Salómonseyjar,2022,0
Tonga,2022,0
Vanúatú,2022,0
"Útlönd, ótilgreint land",2022,0
Ríkisfangslaus,2022,28
Ísland,2023,158234
Danmörk,2023,589
Finnland,2023,110
Noregur,2023,190
Svíþjóð,2023,291
Austurríki,2023,94
Belgía,2023,77
Búlgaría,2023,370
Kýpur,2023,14
Tékkland,2023,712
Þýskaland,2023,1057
Eistland,2023,142
Spánn,2023,1181
Frakkland,2023,588
Bretland,2023,798
Grikkland,2023,424
Ungverjaland,2023,582
Írland,2023,139
Ítalía,2023,705
Litháen (Lietuva),2023,3524
Lúxemborg,2023,9
Lettland,2023,1726
Malta,2023,15
Holland (Niðurland),2023,243
Pólland,2023,16406
Portúgal,2023,1186
Rúmenía,2023,2495
Slóvenía,2023,69
Slóvakía,2023,452
Andorra,2023,0
Albanía,2023,189
Bosnia og Herzegovina,2023,71
Hvíta-Rússland,2023,28
Sviss,2023,83
Serbía og Svartfjallaland,2023,0
Króatía,2023,747
Liechtenstein,2023,2
Moldóva,2023,22
Montenegró (Svartfjallaland),2023,14
Norður Makedónía,2023,34
Serbía,2023,127
Rússland,2023,210
San Marínó,2023,1
Fyrrum Sovétríki,2023,0
Úkraína,2023,1585
Kósovó,2023,53
Evrópa ótilgreint,2023,0
"Ríki í fyrrum Júgóslavíu, ótilgreint",2023,4
Júgóslavía (Serbía og Svartfjallaland),2023,0
Kanada,2023,138
Bandaríkin,2023,810
Antigua og Barbuda,2023,0
Argentína,2023,26
Barbados,2023,1
Bólivía,2023,3
Brasilía,2023,124
Bahamaeyjar,2023,2
Belize,2023,1
Chile,2023,37
Colombia,2023,82
Costa Rica,2023,7
Kúba,2023,18
Dóminíka,2023,1
Dóminíska lýðveldið,2023,14
Ekvador,2023,10
Grenada,2023,0
Guatemala,2023,7
Guyana,2023,1
Hondúras,2023,36
Haítí,2023,4
Jamaíka,2023,5
Sankti Kitts og Nevis,2023,0
Mexíkó,2023,86
Nicaragua,2023,5
Panama,2023,2
Perú,2023,31
Puerto Rico,2023,0
Paraguay,2023,2
Súrinam,2023,0
El Salvador,2023,22
Trínidad og Tóbagó,2023,7
Uruguay,2023,4
Sankti Vinsent og Grenadínur,2023,0
Venesúela,2023,848
Angóla,2023,1
Búrkína Fasó,2023,2
Benín,2023,0
Botswana,2023,0
"Kongó, Lýðstjórnarlýðveldið",2023,6
"Kongó, Lýðveldið",2023,3
Côte d'Ivoire (Fílabeinsströndin),2023,3
Kamerún,2023,11
Cabo Verde (Grænhöfðaeyjar),2023,8
Djibútí,2023,2
Alsír,2023,26
Egyptaland,2023,32
Vestur-Sahara,2023,0
Eritrea,2023,1
Eþíópía,2023,38
Gabon,2023,1
Ghana,2023,106
Gambía,2023,11
Gínea,2023,11
Miðbaugs-Gínea,2023,1
Gínea-Bissaú,2023,0
Kenya,2023,50
Sankti Lúsía,2023,2
Líbería,2023,3
Lesótó,2023,0
Líbía,2023,7
Marokkó,2023,94
Madagaskar,2023,0
Malí,2023,4
Máritanía,2023,1
Máritíus,2023,4
Malaví,2023,3
Mósambík,2023,6
Namibía,2023,15
Níger,2023,0
Nígería,2023,137
Rwanda,2023,1
Seychelles-eyjar,2023,0
Súdan,2023,7
Síerra Leóne,2023,9
Senegal,2023,14
Sómalía,2023,108
Suður-Súdan,2023,3
Chad,2023,4
Tógó,2023,2
Túnis,2023,25
Tansanía,2023,10
Úganda,2023,49
Suður-Afríka,2023,27
Zambia,2023,3
Saír,2023,0
Zimbabwe,2023,4
Afganistan,2023,193
Armenía,2023,3
Azerbaijan,2023,7
Bangladesh,2023,16
Kína,2023,300
Georgía,2023,61
Indónesía,2023,45
Ísrael,2023,11
Indland,2023,311
Írak,2023,233
Íran,2023,175
Jórdanía,2023,8
Japan,2023,71
Kyrgyzstan,2023,4
Kambódía,2023,0
"Kórea, Norður-",2023,0
"Kórea, Suður-",2023,19
Kasakstan,2023,11
Laos,2023,1
Líbanon,2023,7
Srí Lanka,2023,44
Myanmar,2023,2
Mongólía,2023,9
Maldívur,2023,1
Malasía,2023,29
Nepal,2023,33
Óman,2023,0
Filippseyjar,2023,939
Pakistan,2023,74
Palestína,2023,211
Sádi-Arabía,2023,1
Singapore,2023,12
Sýrland,2023,256
Thailand,2023,437
Tadsíkistan,2023,3
Tímor-Leste,2023,0
Túrkmenistan,2023,0
Tyrkland,2023,52
Taiwan,2023,0
Úsbekistan,2023,2
Víetnam,2023,410
Jemen,2023,19
Ástralía,2023,62
Fiji,2023,1
Naúrú,2023,0
Nýja-Sjáland,2023,15
Papúa Nýja-Gínea,2023,1
Salómonseyjar,2023,0
Tonga,2023,0
Vanúatú,2023,2
"Útlönd, ótilgreint land",2023,0
Ríkisfangslaus,2023,29
Ísland,2024,158260
Danmörk,2024,592
Finnland,2024,117
Noregur,2024,193
Svíþjóð,2024,319
Austurríki,2024,101
Belgía,2024,77
Búlgaría,2024,365
Kýpur,2024,14
Tékkland,2024,818
Þýskaland,2024,1121
Eistland,2024,190
Spánn,2024,1297
Frakkland,2024,615
Bretland,2024,758
Grikkland,2024,569
Ungverjaland,2024,663
Írland,2024,149
Ítalía,2024,782
Litháen (Lietuva),2024,3707
Lúxemborg,2024,10
Lettland,2024,1869
Malta,2024,12
Holland (Niðurland),2024,255
Pólland,2024,17872
Portúgal,2024,1344
Rúmenía,2024,2929
Slóvenía,2024,75
Slóvakía,2024,489
Andorra,2024,0
Albanía,2024,216
Bosnia og Herzegovina,2024,70
Hvíta-Rússland,2024,34
Sviss,2024,83
Serbía og Svartfjallaland,2024,0
Króatía,2024,818
Liechtenstein,2024,1
Moldóva,2024,36
Montenegró (Svartfjallaland),2024,12
Norður Makedónía,2024,40
Serbía,2024,181
Rússland,2024,214
San Marínó,2024,1
Fyrrum Sovétríki,2024,0
Úkraína,2024,2378
Kósovó,2024,58
Evrópa ótilgreint,2024,0
"Ríki í fyrrum Júgóslavíu, ótilgreint",2024,5
Júgóslavía (Serbía og Svartfjallaland),2024,0
Kanada,2024,157
Bandaríkin,2024,855
Antigua og Barbuda,2024,0
Argentína,2024,30
Barbados,2024,1
Bólivía,2024,6
Brasilía,2024,143
Bahamaeyjar,2024,2
Belize,2024,0
Chile,2024,40
Colombia,2024,102
Costa Rica,2024,9
Kúba,2024,21
Dóminíka,2024,1
Dóminíska lýðveldið,2024,14
Ekvador,2024,15
Grenada,2024,0
Guatemala,2024,7
Guyana,2024,1
Hondúras,2024,40
Haítí,2024,5
Jamaíka,2024,6
Sankti Kitts og Nevis,2024,1
Mexíkó,2024,103
Nicaragua,2024,9
Panama,2024,4
Perú,2024,36
Puerto Rico,2024,0
Paraguay,2024,2
Súrinam,2024,0
El Salvador,2024,23
Trínidad og Tóbagó,2024,8
Uruguay,2024,5
Sankti Vinsent og Grenadínur,2024,0
Venesúela,2024,931
Angóla,2024,1
Búrkína Fasó,2024,2
Benín,2024,0
Botswana,2024,0
"Kongó, Lýðstjórnarlýðveldið",2024,6
"Kongó, Lýðveldið",2024,5
Côte d'Ivoire (Fílabeinsströndin),2024,5
Kamerún,2024,16
Cabo Verde (Grænhöfðaeyjar),2024,9
Djibútí,2024,2
Alsír,2024,24
Egyptaland,2024,35
Vestur-Sahara,2024,0
Eritrea,2024,1
Eþíópía,2024,46
Gabon,2024,1
Ghana,2024,157
Gambía,2024,13
Gínea,2024,12
Miðbaugs-Gínea,2024,1
Gínea-Bissaú,2024,0
Kenya,2024,60
Sankti Lúsía,2024,2
Líbería,2024,1
Lesótó,2024,1
Líbía,2024,9
Marokkó,2024,108
Madagaskar,2024,0
Malí,2024,4
Máritanía,2024,1
Máritíus,2024,4
Malaví,2024,6
Mósambík,2024,7
Namibía,2024,12
Níger,2024,0
Nígería,2024,173
Rwanda,2024,2
Seychelles-eyjar,2024,0
Súdan,2024,7
Síerra Leóne,2024,9
Senegal,2024,15
Sómalía,2024,137
Suður-Súdan,2024,4
Chad,2024,3
Tógó,2024,2
Túnis,2024,27
Tansanía,2024,14
Úganda,2024,59
Suður-Afríka,2024,30
Zambia,2024,2
Saír,2024,0
Zimbabwe,2024,7
Afganistan,2024,233
Armenía,2024,3
Azerbaijan,2024,8
Bangladesh,2024,20
Kína,2024,314
Georgía,2024,78
Indónesía,2024,57
Ísrael,2024,12
Indland,2024,366
Írak,2024,243
Íran,2024,190
Jórdanía,2024,10
Japan,2024,85
Kyrgyzstan,2024,5
Kambódía,2024,1
"Kórea, Norður-",2024,0
"Kórea, Suður-",2024,17
Kasakstan,2024,15
Laos,2024,1
Líbanon,2024,8
Srí Lanka,2024,46
Myanmar,2024,2
Mongólía,2024,10
Maldívur,2024,1
Malasía,2024,32
Nepal,2024,36
Óman,2024,0
Filippseyjar,2024,1078
Pakistan,2024,115
Palestína,2024,345
Sádi-Arabía,2024,1
Singapore,2024,6
Sýrland,2024,334
Thailand,2024,426
Tadsíkistan,2024,5
Tímor-Leste,2024,0
Túrkmenistan,2024,1
Tyrkland,2024,74
Taiwan,2024,0
Úsbekistan,2024,1
Víetnam,2024,629
Jemen,2024,25
Ástralía,2024,60
Fiji,2024,2
Naúrú,2024,0
Nýja-Sjáland,2024,17
Papúa Nýja-Gínea,2024,3
Salómonseyjar,2024,2
Tonga,2024,0
Vanúatú,2024,2
"Útlönd, ótilgreint land",2024,0
Ríkisfangslaus,2024,26
